X,Y,Name,description,timestamp,begin,end,altitudeMode,tessellate,extrude,visibility,drawOrder,icon,entidad,Delegaci__n,colonia,lugar,entrecalles,calle,numero_exterior,Necesidades,link_google_maps,lon,lat
-99.199703,19.387702,,"entidad: CdMx<br>Delegación: Álvaro Obregón<br>colonia: Col. Victoria<br>lugar: Deportivo<br>entrecalles: <br>calle: Av. Escuadrón 201<br>numero_exterior: <br>Necesidades: <br>link_google_maps: https://www.google.com.mx/maps/place/Gimnasio+G3/@19.3879094,-99.2016178,17z/data=!3m1!4b1!4m5!3m4!1s0x85d201d23ca236e7:0x4446f4b6137a26a8!8m2!3d19.3879044!4d-99.1994238?hl=es<br>lon: -99.199703<br>lat: 19.387702",,,,,-1,0,-1,,,CdMx,Álvaro Obregón,Col. Victoria,Deportivo,,Av. Escuadrón 201,,,"https://www.google.com.mx/maps/place/Gimnasio+G3/@19.3879094,-99.2016178,17z/data=!3m1!4b1!4m5!3m4!1s0x85d201d23ca236e7:0x4446f4b6137a26a8!8m2!3d19.3879044!4d-99.1994238?hl=es",-99.199703,19.387702
-99.1845903,19.4838002,,"entidad: CdMx<br>Delegación: Azcapotzalco<br>colonia: Azcapotzalco, Centro<br>lugar: Delegación<br>entrecalles: <br>calle: Castilla Oriente<br>numero_exterior: <br>Necesidades: <br>link_google_maps: https://www.google.com.mx/maps/place/Delegaci%C3%B3n+Azcapotzalco/@19.4838002,-99.1845903,14z/data=!4m8!1m2!2m1!1sdelegaci%C3%B3n+azcapotzalco+edificio+gobierno!3m4!1s0x85d1f87eab3ae1dd:0xfef6890ee17c884e!8m2!3d19.4840941!4d-99.1843859<br>lon: -99.1845903<br>lat: 19.4838002",,,,,-1,0,-1,,,CdMx,Azcapotzalco,"Azcapotzalco, Centro",Delegación,,Castilla Oriente,,,"https://www.google.com.mx/maps/place/Delegaci%C3%B3n+Azcapotzalco/@19.4838002,-99.1845903,14z/data=!4m8!1m2!2m1!1sdelegaci%C3%B3n+azcapotzalco+edificio+gobierno!3m4!1s0x85d1f87eab3ae1dd:0xfef6890ee17c884e!8m2!3d19.4840941!4d-99.1843859",-99.1845903,19.4838002
-99.158393,19.371305,,"entidad: CdMx<br>Delegación: Benito Juárez<br>colonia: Sta Cruz Atoyac<br>lugar: Deportivo Benito Juárez.<br>entrecalles: <br>calle: Calle Uxmal 807B,, 03310 Ciudad de México, CDMX <br>numero_exterior: <br>Necesidades: <br>link_google_maps: https://www.google.com.mx/maps/place/Centro+Deportivo+%22Benito+Ju%C3%A1rez%22/@19.4280232,-99.2166922,12z/data=!4m8!1m2!2m1!1sDeportivo+Benito+Ju%C3%A1rez!3m4!1s0x85d1ffbadd52cc67:0x6f26499876157670!8m2!3d19.3715078!4d-99.1586286?hl=es<br>lon: -99.158393<br>lat: 19.371305",,,,,-1,0,-1,,,CdMx,Benito Juárez,Sta Cruz Atoyac,Deportivo Benito Juárez.,,"Calle Uxmal 807B,, 03310 Ciudad de México, CDMX",,,"https://www.google.com.mx/maps/place/Centro+Deportivo+%22Benito+Ju%C3%A1rez%22/@19.4280232,-99.2166922,12z/data=!4m8!1m2!2m1!1sDeportivo+Benito+Ju%C3%A1rez!3m4!1s0x85d1ffbadd52cc67:0x6f26499876157670!8m2!3d19.3715078!4d-99.1586286?hl=es",-99.158393,19.371305
-99.121312,19.303176,,"entidad: CdMx<br>Delegación: Coyoacan<br>colonia: Campestre Coyoacan<br>lugar: Deportivo Rosario Iglesias.<br>entrecalles: <br>calle: Calz. del Hueso 400, Los Girasoles, 04920 <br>numero_exterior: <br>Necesidades: <br>link_google_maps: https://www.google.com.mx/maps/place/Centro+Social+y+Deportivo+Rosario+Iglesias+Rocha/@19.3033029,-99.1233128,17z/data=!3m1!4b1!4m5!3m4!1s0x85ce0198314c94f1:0xa7e901200af3b194!8m2!3d19.3032979!4d-99.1211187?hl=es<br>lon: -99.121312<br>lat: 19.303176",,,,,-1,0,-1,,,CdMx,Coyoacan,Campestre Coyoacan,Deportivo Rosario Iglesias.,,"Calz. del Hueso 400, Los Girasoles, 04920",,,"https://www.google.com.mx/maps/place/Centro+Social+y+Deportivo+Rosario+Iglesias+Rocha/@19.3033029,-99.1233128,17z/data=!3m1!4b1!4m5!3m4!1s0x85ce0198314c94f1:0xa7e901200af3b194!8m2!3d19.3032979!4d-99.1211187?hl=es",-99.121312,19.303176
-99.1306164,19.4406296,,"entidad: CdMx<br>Delegación: Cuauhtemoc<br>colonia: Centro <br>lugar: Plaza del Estudiante<br>entrecalles: <br>calle: Peña S/N<br>numero_exterior: <br>Necesidades: <br>link_google_maps: https://www.google.com.mx/maps/place/Plaza+del+Estudiante/@19.4406346,-99.1306164,17z/data=!3m1!4b1!4m5!3m4!1s0x85d1f936b03c52d1:0xb672a9a9d70e1646!8m2!3d19.4406296!4d-99.1284223?hl=es<br>lon: -99.1306164<br>lat: 19.4406296",,,,,-1,0,-1,,,CdMx,Cuauhtemoc,Centro,Plaza del Estudiante,,Peña S/N,,,"https://www.google.com.mx/maps/place/Plaza+del+Estudiante/@19.4406346,-99.1306164,17z/data=!3m1!4b1!4m5!3m4!1s0x85d1f936b03c52d1:0xb672a9a9d70e1646!8m2!3d19.4406296!4d-99.1284223?hl=es",-99.1306164,19.4406296
-99.1617717,19.4553387,,"entidad: CdMx<br>Delegación: Cuauhtémoc<br>colonia: Atlampa<br>lugar: Preparatoria Popular Martires de Tlatelolco AC <br>entrecalles: <br>calle: Calle Fresno <br>numero_exterior: 301<br>Necesidades: <br>link_google_maps: https://www.google.com.mx/maps/place/Preparatoria+Popular+Martires+de+Tlatelolco+AC+(Bachillerato)/@19.4553387,-99.1617717,17z/data=!3m1!4b1!4m5!3m4!1s0x85d1f8c24c6a66b7:0xa7f381afae2a236c!8m2!3d19.4553387!4d-99.159583<br>lon: -99.1617717<br>lat: 19.4553387",,,,,-1,0,-1,,,CdMx,Cuauhtémoc,Atlampa,Preparatoria Popular Martires de Tlatelolco AC,,Calle Fresno,301,,"https://www.google.com.mx/maps/place/Preparatoria+Popular+Martires+de+Tlatelolco+AC+(Bachillerato)/@19.4553387,-99.1617717,17z/data=!3m1!4b1!4m5!3m4!1s0x85d1f8c24c6a66b7:0xa7f381afae2a236c!8m2!3d19.4553387!4d-99.159583",-99.1617717,19.4553387
-99.1736609,19.4048648,,"entidad: CdMx<br>Delegación: Cuauhtémoc<br>colonia: Col. Hipódromo Condesa<br>lugar: Club Junior<br>entrecalles: <br>calle: Sindicalismo<br>numero_exterior: 3<br>Necesidades: <br>link_google_maps: https://www.google.com.mx/maps/place/Junior+Club/@19.4048648,-99.1736609,17z/data=!4m12!1m6!3m5!1s0x85d21ce7601f431d:0xbbb79daa6428a1e2!2sJunior+Club!8m2!3d19.4053202!4d-99.1721589!3m4!1s0x85d21ce7601f431d:0xbbb79daa6428a1e2!8m2!3d19.4053202!4d-99.1721589<br>lon: -99.1736609<br>lat: 19.4048648",,,,,-1,0,-1,,,CdMx,Cuauhtémoc,Col. Hipódromo Condesa,Club Junior,,Sindicalismo,3,,"https://www.google.com.mx/maps/place/Junior+Club/@19.4048648,-99.1736609,17z/data=!4m12!1m6!3m5!1s0x85d21ce7601f431d:0xbbb79daa6428a1e2!2sJunior+Club!8m2!3d19.4053202!4d-99.1721589!3m4!1s0x85d21ce7601f431d:0xbbb79daa6428a1e2!8m2!3d19.4053202!4d-99.1721589",-99.1736609,19.4048648
-99.1535962,19.4424244,,"entidad: CdMx<br>Delegación: Cuauhtémoc<br>colonia: Buenavista<br>lugar: Deportivo Cuautémoc<br>entrecalles: <br>calle: Luis Donaldo Colosio esq. Aldama,<br>numero_exterior: <br>Necesidades: <br>link_google_maps: https://www.google.com.mx/maps/place/Deportivo+Cuauhtemoc/@19.4424244,-99.1535962,17z/data=!4m12!1m6!3m5!1s0x85d1f8d0b146cc93:0x6bf172007e144911!2sDeportivo+Cuauhtemoc!8m2!3d19.4424244!4d-99.1514075!3m4!1s0x85d1f8d0b146cc93:0x6bf172007e144911!8m2!3d19.4424244!4d-99.1514075<br>lon: -99.1535962<br>lat: 19.4424244",,,,,-1,0,-1,,,CdMx,Cuauhtémoc,Buenavista,Deportivo Cuautémoc,,"Luis Donaldo Colosio esq. Aldama,",,,"https://www.google.com.mx/maps/place/Deportivo+Cuauhtemoc/@19.4424244,-99.1535962,17z/data=!4m12!1m6!3m5!1s0x85d1f8d0b146cc93:0x6bf172007e144911!2sDeportivo+Cuauhtemoc!8m2!3d19.4424244!4d-99.1514075!3m4!1s0x85d1f8d0b146cc93:0x6bf172007e144911!8m2!3d19.4424244!4d-99.1514075",-99.1535962,19.4424244
-99.1502748,19.4397608,,"entidad: CdMx<br>Delegación: Cuauhtémoc<br>colonia: Guerrero<br>lugar: Deportivo Mina<br>entrecalles: <br>calle: Calle Mina <br>numero_exterior: 134<br>Necesidades: <br>link_google_maps: https://www.google.com.mx/maps/place/Oficinas+Administrativas+del+deportivo+Mina/@19.4397608,-99.1502748,17z/data=!4m12!1m6!3m5!1s0x85d1f8d6613875a1:0x9e6946736fbd8e4b!2sOficinas+Administrativas+del+deportivo+Mina!8m2!3d19.4397608!4d-99.1480861!3m4!1s0x85d1f8d6613875a1:0x9e6946736fbd8e4b!8m2!3d19.4397608!4d-99.1480861<br>lon: -99.1502748<br>lat: 19.4397608",,,,,-1,0,-1,,,CdMx,Cuauhtémoc,Guerrero,Deportivo Mina,,Calle Mina,134,,"https://www.google.com.mx/maps/place/Oficinas+Administrativas+del+deportivo+Mina/@19.4397608,-99.1502748,17z/data=!4m12!1m6!3m5!1s0x85d1f8d6613875a1:0x9e6946736fbd8e4b!2sOficinas+Administrativas+del+deportivo+Mina!8m2!3d19.4397608!4d-99.1480861!3m4!1s0x85d1f8d6613875a1:0x9e6946736fbd8e4b!8m2!3d19.4397608!4d-99.1480861",-99.1502748,19.4397608
-99.289306,19.362448,,"entidad: CdMx<br>Delegación: Cuaujimalpa<br>colonia: Rosa Torres<br>lugar: Deportivo<br>entrecalles: esquina san José de los Cedros <br>calle: Calle José María Castorena <br>numero_exterior: 545<br>Necesidades: <br>link_google_maps: https://www.google.com.mx/maps/place/DEPORTIVO+MORELOS/@19.3639314,-99.2877607,17z/data=!3m1!4b1!4m5!3m4!1s0x85d2073106bb90e7:0x8be1a9922614125f!8m2!3d19.3639264!4d-99.2855667?hl=es<br>lon: -99.289306<br>lat: 19.362448",,,,,-1,0,-1,,,CdMx,Cuaujimalpa,Rosa Torres,Deportivo,esquina san José de los Cedros,Calle José María Castorena,545,,"https://www.google.com.mx/maps/place/DEPORTIVO+MORELOS/@19.3639314,-99.2877607,17z/data=!3m1!4b1!4m5!3m4!1s0x85d2073106bb90e7:0x8be1a9922614125f!8m2!3d19.3639264!4d-99.2855667?hl=es",-99.289306,19.362448
-99.155068,19.506756,,"entidad: CdMx<br>Delegación: Gustavo A. Madero<br>colonia: La Patera Vallejo<br>lugar: Villa Mujeres. <br>entrecalles: <br>calle: Margarita Maza de Juárez 150 Bis,<br>numero_exterior: <br>Necesidades: <br>link_google_maps: https://www.google.com.mx/maps/place/Centro+de+Asistencia+e+Integraci%C3%B3n+Social+Villa+Mujeres/@19.5070796,-99.1570639,17z/data=!3m1!4b1!4m5!3m4!1s0x85d1f8371140cd57:0xd87c8d1e7b30916f!8m2!3d19.5070796!4d-99.1548752?hl=es<br>lon: -99.155068<br>lat: 19.506756",,,,,-1,0,-1,,,CdMx,Gustavo A. Madero,La Patera Vallejo,Villa Mujeres.,,"Margarita Maza de Juárez 150 Bis,",,,"https://www.google.com.mx/maps/place/Centro+de+Asistencia+e+Integraci%C3%B3n+Social+Villa+Mujeres/@19.5070796,-99.1570639,17z/data=!3m1!4b1!4m5!3m4!1s0x85d1f8371140cd57:0xd87c8d1e7b30916f!8m2!3d19.5070796!4d-99.1548752?hl=es",-99.155068,19.506756
-99.11004,19.483316,,"entidad: CdMx<br>Delegación: Gustavo A. Madero<br>colonia: Villa Gustavo A. Madero<br>lugar: Casa del peregrino. <br>entrecalles: <br>calle: Eje 5 Nte Calz San Juan de ARAGON 63<br>numero_exterior: <br>Necesidades: <br>link_google_maps: https://www.google.com.mx/maps/place/Casa+Del+Peregrino+San+Juan+Diego/@19.4832959,-99.1122879,17z/data=!3m1!4b1!4m5!3m4!1s0x85d1f9828f6d605b:0x5fbfa967ac6a44b9!8m2!3d19.4832959!4d-99.1100992?hl=es<br>lon: -99.11004<br>lat: 19.483316",,,,,-1,0,-1,,,CdMx,Gustavo A. Madero,Villa Gustavo A. Madero,Casa del peregrino.,,Eje 5 Nte Calz San Juan de ARAGON 63,,,"https://www.google.com.mx/maps/place/Casa+Del+Peregrino+San+Juan+Diego/@19.4832959,-99.1122879,17z/data=!3m1!4b1!4m5!3m4!1s0x85d1f9828f6d605b:0x5fbfa967ac6a44b9!8m2!3d19.4832959!4d-99.1100992?hl=es",-99.11004,19.483316
-99.173115,19.453989,,"entidad: CdMx<br>Delegación: Miguel Hidalgo<br>colonia: Nextitla<br>lugar: Deportivo Plan Sexenal<br>entrecalles: <br>calle: Calle Ferrocarril de Cuernavaca<br>numero_exterior: <br>Necesidades: <br>link_google_maps: https://www.google.com.mx/maps/place/Deportivo+Plan+Sexenal/@19.4542365,-99.1751592,17z/data=!3m1!4b1!4m5!3m4!1s0x85d1f895efda1e37:0xd664cccbee1d6a82!8m2!3d19.4542315!4d-99.1729651?hl=es<br>lon: -99.173115<br>lat: 19.453989",,,,,-1,0,-1,,,CdMx,Miguel Hidalgo,Nextitla,Deportivo Plan Sexenal,,Calle Ferrocarril de Cuernavaca,,,"https://www.google.com.mx/maps/place/Deportivo+Plan+Sexenal/@19.4542365,-99.1751592,17z/data=!3m1!4b1!4m5!3m4!1s0x85d1f895efda1e37:0xd664cccbee1d6a82!8m2!3d19.4542315!4d-99.1729651?hl=es",-99.173115,19.453989
-99.193352,19.448796,,"entidad: CdMx<br>Delegación: Miguel Hidalgo<br>colonia: Reforma Pensil<br>lugar: Deportivo Pavón.<br>entrecalles: <br>calle: Lago Trasimeno s/n, Pensil Norte, Reforma Pensil<br>numero_exterior: <br>Necesidades: <br>link_google_maps: https://www.google.com.mx/maps/place/Deportivo+Jos%C3%A9+Mar%C3%ADa+Morelos+y+Pav%C3%B3n/@19.4489988,-99.1955624,17z/data=!3m1!4b1!4m5!3m4!1s0x85d2020bf1d748ab:0xc4d8cce552ab429c!8m2!3d19.4489988!4d-99.1933737?hl=es<br>lon: -99.193352<br>lat: 19.448796",,,,,-1,0,-1,,,CdMx,Miguel Hidalgo,Reforma Pensil,Deportivo Pavón.,,"Lago Trasimeno s/n, Pensil Norte, Reforma Pensil",,,"https://www.google.com.mx/maps/place/Deportivo+Jos%C3%A9+Mar%C3%ADa+Morelos+y+Pav%C3%B3n/@19.4489988,-99.1955624,17z/data=!3m1!4b1!4m5!3m4!1s0x85d2020bf1d748ab:0xc4d8cce552ab429c!8m2!3d19.4489988!4d-99.1933737?hl=es",-99.193352,19.448796
-99.188787,19.405886,,"entidad: CdMx<br>Delegación: Miguel Hidalgo<br>colonia: Parque Lira.<br>lugar: Museo<br>entrecalles: <br>calle: Calle Parque Lira 136, San Miguel Chapultepec I Secc<br>numero_exterior: <br>Necesidades: <br>link_google_maps: https://www.google.com.mx/maps/place/Parque+Lira/@19.4087361,-99.7539062,9z/data=!4m8!1m2!2m1!1sParque+Lira!3m4!1s0x85d1ff602023b927:0x1fddc46a70142978!8m2!3d19.4054861!4d-99.189804?hl=es<br>lon: -99.188787<br>lat: 19.405886",,,,,-1,0,-1,,,CdMx,Miguel Hidalgo,Parque Lira.,Museo,,"Calle Parque Lira 136, San Miguel Chapultepec I Secc",,,"https://www.google.com.mx/maps/place/Parque+Lira/@19.4087361,-99.7539062,9z/data=!4m8!1m2!2m1!1sParque+Lira!3m4!1s0x85d1ff602023b927:0x1fddc46a70142978!8m2!3d19.4054861!4d-99.189804?hl=es",-99.188787,19.405886
-99.0407647,19.205914,,"entidad: <br>Delegación: MilpaAlta<br>colonia: Santa Martha<br>lugar: Gimnasio de Villa Milpa Alta<br>entrecalles: <br>calle: Sinaloa Nte. Sn, Milpa Alta, Barrio Santa Martha<br>numero_exterior: <br>Necesidades: <br>link_google_maps: https://www.google.com.mx/maps/place/Gimnasio+de+Villa+Milpa+Alta/@19.205914,-99.0407647,15z/data=!4m8!1m2!2m1!1sGimnasio+villa+Milpalta!3m4!1s0x0:0xcebd6c90acabbf39!8m2!3d19.200012!4d-99.0266633<br>lon: -99.0407647<br>lat: 19.205914",,,,,-1,0,-1,,,,MilpaAlta,Santa Martha,Gimnasio de Villa Milpa Alta,,"Sinaloa Nte. Sn, Milpa Alta, Barrio Santa Martha",,,"https://www.google.com.mx/maps/place/Gimnasio+de+Villa+Milpa+Alta/@19.205914,-99.0407647,15z/data=!4m8!1m2!2m1!1sGimnasio+villa+Milpalta!3m4!1s0x0:0xcebd6c90acabbf39!8m2!3d19.200012!4d-99.0266633",-99.0407647,19.205914
-99.091637,19.407581,,"entidad: CdMx<br>Delegación: Iztacalco<br>colonia: Granjas México<br>lugar: Sala de Armas de la Magdalena Mixihuca<br>entrecalles: <br>calle: Boulevard <br>numero_exterior: 5<br>Necesidades: <br>link_google_maps: https://www.google.com.mx/maps/place/Sala+de+Armas/@19.407729,-99.0921998,3a,75y,90t/data=!3m8!1e2!3m6!1sAF1QipM7gWi7X06Tfzy-mZIrmFRKVxIa3AhGWa9SRnZ3!2e10!3e12!6shttps:%2F%2Flh5.googleusercontent.com%2Fp%2FAF1QipM7gWi7X06Tfzy-mZIrmFRKVxIa3AhGWa9SRnZ3%3Dw152-h86-k-no!7i5312!8i2988!4m8!1m2!2m1!1sSala+de+Armas+de+la+Magdalena+Mixihuca!3m4!1s0x0:0x33d905d1609b2854!8m2!3d19.4077288!4d-99.0921997<br>lon: -99.091637<br>lat: 19.407581",,,,,-1,0,-1,,,CdMx,Iztacalco,Granjas México,Sala de Armas de la Magdalena Mixihuca,,Boulevard,5,,"https://www.google.com.mx/maps/place/Sala+de+Armas/@19.407729,-99.0921998,3a,75y,90t/data=!3m8!1e2!3m6!1sAF1QipM7gWi7X06Tfzy-mZIrmFRKVxIa3AhGWa9SRnZ3!2e10!3e12!6shttps:%2F%2Flh5.googleusercontent.com%2Fp%2FAF1QipM7gWi7X06Tfzy-mZIrmFRKVxIa3AhGWa9SRnZ3%3Dw152-h86-k-no!7i5312!8i2988!4m8!1m2!2m1!1sSala+de+Armas+de+la+Magdalena+Mixihuca!3m4!1s0x0:0x33d905d1609b2854!8m2!3d19.4077288!4d-99.0921997",-99.091637,19.407581
-99.068666,19.414111,,"entidad: CdMx<br>Delegación: Iztacalco<br>colonia: Colonia Pantitlán<br>lugar: Casa del Adulto Mayor Elena Poniatowska<br>entrecalles: <br>calle: Calle 1 s/n, entre Guadalupe y talleres gráficos<br>numero_exterior: <br>Necesidades: <br>link_google_maps: https://www.google.com.mx/maps/place/Casa+Elena+Poniatowska/@19.4143229,-99.104791,13z/data=!4m5!1m2!2m1!1sCasa+del+Adulto+Mayor+Elena+Poniatowska!3m1!1s0x85d1fc5d00000001:0xb56e6db75fe5433b?hl=es<br>lon: -99.068666<br>lat: 19.414111",,,,,-1,0,-1,,,CdMx,Iztacalco,Colonia Pantitlán,Casa del Adulto Mayor Elena Poniatowska,,"Calle 1 s/n, entre Guadalupe y talleres gráficos",,,"https://www.google.com.mx/maps/place/Casa+Elena+Poniatowska/@19.4143229,-99.104791,13z/data=!4m5!1m2!2m1!1sCasa+del+Adulto+Mayor+Elena+Poniatowska!3m1!1s0x85d1fc5d00000001:0xb56e6db75fe5433b?hl=es",-99.068666,19.414111
-99.116757,19.401163,,"entidad: CdMx<br>Delegación: Iztacalco<br>colonia: Colonia Fraccionamiento Coyuya<br>lugar: Centro Social Fraccionamiento Coyuya <br>entrecalles: <br>calle: Av Coyuya s/n, esquina 1ero de mayo, <br>numero_exterior: <br>Necesidades: <br>link_google_maps: https://www.google.com.mx/maps/place/Centro+Social+Fraccionamiento+Coyuya/@19.401279,-99.1190151,17z/data=!3m1!4b1!4m5!3m4!1s0x85d1fe91999e9c63:0x15386c301de2485d!8m2!3d19.401274!4d-99.116821?hl=es<br>lon: -99.116757<br>lat: 19.401163",,,,,-1,0,-1,,,CdMx,Iztacalco,Colonia Fraccionamiento Coyuya,Centro Social Fraccionamiento Coyuya,,"Av Coyuya s/n, esquina 1ero de mayo,",,,"https://www.google.com.mx/maps/place/Centro+Social+Fraccionamiento+Coyuya/@19.401279,-99.1190151,17z/data=!3m1!4b1!4m5!3m4!1s0x85d1fe91999e9c63:0x15386c301de2485d!8m2!3d19.401274!4d-99.116821?hl=es",-99.116757,19.401163
-99.081541,19.393284,,"entidad: CdMx<br>Delegación: Iztacalco<br>colonia: Agrícola Oriental <br>lugar: Casa de la Mujer Mariposas Iztacalco <br>entrecalles: <br>calle: Sur 20 y Oriente 227<br>numero_exterior: <br>Necesidades: <br>link_google_maps: https://www.google.com.mx/maps/place/CIAM/@19.3933269,-99.083751,17z/data=!3m1!4b1!4m5!3m4!1s0x85d1fc35c9dd8e3f:0xb37f4f9c132e216!8m2!3d19.3933219!4d-99.0815569?hl=es<br>lon: -99.081541<br>lat: 19.393284",,,,,-1,0,-1,,,CdMx,Iztacalco,Agrícola Oriental,Casa de la Mujer Mariposas Iztacalco,,Sur 20 y Oriente 227,,,"https://www.google.com.mx/maps/place/CIAM/@19.3933269,-99.083751,17z/data=!3m1!4b1!4m5!3m4!1s0x85d1fc35c9dd8e3f:0xb37f4f9c132e216!8m2!3d19.3933219!4d-99.0815569?hl=es",-99.081541,19.393284
-99.131704,19.398999,,"entidad: CdMx<br>Delegación: Iztapalapa<br>colonia: Viaducto Piedad<br>lugar: Cais Coruña Jóvenes<br>entrecalles: <br>calle: Sur <br>numero_exterior: 65-A 3246<br>Necesidades: <br>link_google_maps: https://www.google.com.mx/maps/place/Cais+Coru%C3%B1a+J%C3%B3venes/@19.3990368,-99.1339035,17z/data=!3m1!4b1!4m5!3m4!1s0x85d1feefcba12f0d:0xd99abb63fed49194!8m2!3d19.3990368!4d-99.1317148<br>lon: -99.131704<br>lat: 19.398999",,,,,-1,0,-1,,,CdMx,Iztapalapa,Viaducto Piedad,Cais Coruña Jóvenes,,Sur,65-A 3246,,"https://www.google.com.mx/maps/place/Cais+Coru%C3%B1a+J%C3%B3venes/@19.3990368,-99.1339035,17z/data=!3m1!4b1!4m5!3m4!1s0x85d1feefcba12f0d:0xd99abb63fed49194!8m2!3d19.3990368!4d-99.1317148",-99.131704,19.398999
-99.168238,19.279424,,"entidad: CdMx<br>Delegación: Tlalpan<br>colonia: Tlalpan Centro II<br>lugar: Deportivo La Joya<br>entrecalles: <br>calle: Av. Insurgentes Sur <br>numero_exterior: 4342-S<br>Necesidades: <br>link_google_maps: https://www.google.com.mx/maps/place/Deportivo+La+Joya/@19.2794671,-99.1704116,17z/data=!3m1!4b1!4m5!3m4!1s0x85ce008d4ee8ff0d:0x1140f545e7e3f9cb!8m2!3d19.2794671!4d-99.1682229?hl=es<br>lon: -99.168238<br>lat: 19.279424",,,,,-1,0,-1,,,CdMx,Tlalpan,Tlalpan Centro II,Deportivo La Joya,,Av. Insurgentes Sur,4342-S,,"https://www.google.com.mx/maps/place/Deportivo+La+Joya/@19.2794671,-99.1704116,17z/data=!3m1!4b1!4m5!3m4!1s0x85ce008d4ee8ff0d:0x1140f545e7e3f9cb!8m2!3d19.2794671!4d-99.1682229?hl=es",-99.168238,19.279424
-99.1881,19.296697,,"entidad: CdMx<br>Delegación: Tlalpan<br>colonia: Miguel Hidalgo Villa Olímpica<br>lugar: Villa Olímpica<br>entrecalles: <br>calle: Avenida Insurgentes <br>numero_exterior: Sur 3493<br>Necesidades: <br>link_google_maps: https://www.google.com.mx/maps/place/Villa+Olimpica/@19.2968874,-99.1893644,17z/data=!3m1!4b1!4m5!3m4!1s0x85ce0077e51e6ae7:0x1a49893de8a89994!8m2!3d19.2968874!4d-99.1871757?hl=es<br>lon: -99.1881<br>lat: 19.296697",,,,,-1,0,-1,,,CdMx,Tlalpan,Miguel Hidalgo Villa Olímpica,Villa Olímpica,,Avenida Insurgentes,Sur 3493,,"https://www.google.com.mx/maps/place/Villa+Olimpica/@19.2968874,-99.1893644,17z/data=!3m1!4b1!4m5!3m4!1s0x85ce0077e51e6ae7:0x1a49893de8a89994!8m2!3d19.2968874!4d-99.1871757?hl=es",-99.1881,19.296697
,,,entidad: <br>Delegación: <br>colonia: <br>lugar: <br>entrecalles: <br>calle: <br>numero_exterior: <br>Necesidades: <br>link_google_maps: <br>lon: <br>lat:,,,,,,,-1,,,,,,,,,,,,,
,,,entidad: <br>Delegación: <br>colonia: <br>lugar: <br>entrecalles: <br>calle: <br>numero_exterior: <br>Necesidades: <br>link_google_maps: <br>lon: <br>lat:,,,,,,,-1,,,,,,,,,,,,,
,,,entidad: <br>Delegación: <br>colonia: <br>lugar: <br>entrecalles: <br>calle: <br>numero_exterior: <br>Necesidades: <br>link_google_maps: <br>lon: <br>lat:,,,,,,,-1,,,,,,,,,,,,,
-99.219172,18.941471,,"entidad: Morelos<br>Delegación: Cuernavaca<br>colonia: Vista Hermosa <br>lugar: Fundacion Comunitaria Morelense<br>entrecalles: <br>calle: Av. San Diego <br>numero_exterior: 501<br>Necesidades: <br>link_google_maps: https://www.google.com/maps/place/Av.+San+Diego+501,+zona+1,+Lomas+de+Vista+Hermosa,+62293+Cuernavaca,+Mor.,+M%C3%A9xico/@18.9415824,-99.2213769,17z/data=!4m13!1m7!3m6!1s0x85cddfc43ef74801:0xc6f77d97789a9027!2sAv.+San+Diego+501,+zona+1,+Lomas+de+Vista+Hermosa,+62293+Cuernavaca,+Mor.,+M%C3%A9xico!3b1!8m2!3d18.9415824!4d-99.2191882!3m4!1s0x85cddfc43ef74801:0xc6f77d97789a9027!8m2!3d18.9415824!4d-99.2191882<br>lon: -99.219172<br>lat: 18.941471",,,,,-1,0,-1,,,Morelos,Cuernavaca,Vista Hermosa,Fundacion Comunitaria Morelense,,Av. San Diego,501,,"https://www.google.com/maps/place/Av.+San+Diego+501,+zona+1,+Lomas+de+Vista+Hermosa,+62293+Cuernavaca,+Mor.,+M%C3%A9xico/@18.9415824,-99.2213769,17z/data=!4m13!1m7!3m6!1s0x85cddfc43ef74801:0xc6f77d97789a9027!2sAv.+San+Diego+501,+zona+1,+Lomas+de+Vista+Hermosa,+62293+Cuernavaca,+Mor.,+M%C3%A9xico!3b1!8m2!3d18.9415824!4d-99.2191882!3m4!1s0x85cddfc43ef74801:0xc6f77d97789a9027!8m2!3d18.9415824!4d-99.2191882",-99.219172,18.941471
,,,entidad: Morelos<br>Delegación: Cuernavaca<br>colonia: Emiliano Zapata<br>lugar: Iglesia de Jesu Cristo<br>entrecalles: <br>calle: Calle Sufragio Efectivo 46<br>numero_exterior: <br>Necesidades: <br>link_google_maps: <br>lon: <br>lat:,,,,,,,-1,,,Morelos,Cuernavaca,Emiliano Zapata,Iglesia de Jesu Cristo,,Calle Sufragio Efectivo 46,,,,,
,,,entidad: <br>Delegación: <br>colonia: <br>lugar: <br>entrecalles: <br>calle: <br>numero_exterior: <br>Necesidades: <br>link_google_maps: <br>lon: <br>lat:,,,,,,,-1,,,,,,,,,,,,,
,,,entidad: <br>Delegación: <br>colonia: <br>lugar: <br>entrecalles: <br>calle: <br>numero_exterior: <br>Necesidades: <br>link_google_maps: <br>lon: <br>lat:,,,,,,,-1,,,,,,,,,,,,,
,,,entidad: <br>Delegación: <br>colonia: <br>lugar: <br>entrecalles: <br>calle: <br>numero_exterior: <br>Necesidades: <br>link_google_maps: <br>lon: <br>lat:,,,,,,,-1,,,,,,,,,,,,,
,,,entidad: <br>Delegación: <br>colonia: <br>lugar: <br>entrecalles: <br>calle: <br>numero_exterior: <br>Necesidades: <br>link_google_maps: <br>lon: <br>lat:,,,,,,,-1,,,,,,,,,,,,,
,,,entidad: <br>Delegación: <br>colonia: <br>lugar: <br>entrecalles: <br>calle: <br>numero_exterior: <br>Necesidades: <br>link_google_maps: <br>lon: <br>lat:,,,,,,,-1,,,,,,,,,,,,,
,,,entidad: <br>Delegación: <br>colonia: <br>lugar: <br>entrecalles: <br>calle: <br>numero_exterior: <br>Necesidades: <br>link_google_maps: <br>lon: <br>lat:,,,,,,,-1,,,,,,,,,,,,,
,,,entidad: <br>Delegación: <br>colonia: <br>lugar: <br>entrecalles: <br>calle: <br>numero_exterior: <br>Necesidades: <br>link_google_maps: <br>lon: <br>lat:,,,,,,,-1,,,,,,,,,,,,,
,,,entidad: <br>Delegación: <br>colonia: <br>lugar: <br>entrecalles: <br>calle: <br>numero_exterior: <br>Necesidades: <br>link_google_maps: <br>lon: <br>lat:,,,,,,,-1,,,,,,,,,,,,,
-99.22525,18.910399,,"entidad: <br>Delegación: <br>colonia: <br>lugar: <br>entrecalles: <br>calle: rufino tamayo 46<br>numero_exterior: <br>Necesidades: <br>link_google_maps: https://www.google.com/maps/place/Rufino+Tamayo+46,+Acapantzingo,+62440+Cuernavaca,+Mor.,+M%C3%A9xico/@18.9102849,-99.2254785,20z/data=!4m5!3m4!1s0x85cddf0787d3e5f9:0x5867d663b9ec9133!8m2!3d18.9104004!4d-99.2252418<br>lon: -99.22525<br>lat: 18.910399",,,,,-1,0,-1,,,,,,,,rufino tamayo 46,,,"https://www.google.com/maps/place/Rufino+Tamayo+46,+Acapantzingo,+62440+Cuernavaca,+Mor.,+M%C3%A9xico/@18.9102849,-99.2254785,20z/data=!4m5!3m4!1s0x85cddf0787d3e5f9:0x5867d663b9ec9133!8m2!3d18.9104004!4d-99.2252418",-99.22525,18.910399
