"coordenadas","X","Y","Name","description","timestamp","begin","end","altitudeMode","tessellate","extrude","visibility","drawOrder","icon","entidad","Delegaci__n","colonia","lugar","entrecalles","calle","numero_exterior","Necesidades","link_google_maps","lon","lat","direccion_Verificado","calle_Verificado","numero_Verificado","colonia_Verificado","cp_Verificado","ciudad_municipio_Verificado","estado_Verificado","pais_Verificado","lat_Verificado","long_Verificado"
"-99.1306164, 19.4406296",-99.1306164,19.4406296,NA,"entidad: CdMx<br>Delegación: Cuauhtemoc<br>colonia: Centro <br>lugar: Plaza del Estudiante<br>entrecalles: <br>calle: Peña S/N<br>numero_exterior: <br>Necesidades: <br>link_google_maps: https://www.google.com.mx/maps/place/Plaza+del+Estudiante/@19.4406346,-99.1306164,17z/data=!3m1!4b1!4m5!3m4!1s0x85d1f936b03c52d1:0xb672a9a9d70e1646!8m2!3d19.4406296!4d-99.1284223?hl=es<br>lon: -99.1306164<br>lat: 19.4406296",NA,NA,NA,NA,-1,0,-1,NA,NA,"CdMx","Cuauhtemoc","Centro","Plaza del Estudiante","","Peña S/N","",NA,"https://www.google.com.mx/maps/place/Plaza+del+Estudiante/@19.4406346,-99.1306164,17z/data=!3m1!4b1!4m5!3m4!1s0x85d1f936b03c52d1:0xb672a9a9d70e1646!8m2!3d19.4406296!4d-99.1284223?hl=es",-99.1306164,19.4406296,"República de Nicaragua 47, Centro, 06000 Centro, CDMX, Mexico","República de Nicaragua","47","Centro",6000,"Centro","Ciudad de México","Mexico",19.4406296,-99.1306164
"-99.219172, 18.941471",-99.219172,18.941471,NA,"entidad: Morelos<br>Delegación: Cuernavaca<br>colonia: Vista Hermosa <br>lugar: Fundacion Comunitaria Morelense<br>entrecalles: <br>calle: Av. San Diego <br>numero_exterior: 501<br>Necesidades: <br>link_google_maps: https://www.google.com/maps/place/Av.+San+Diego+501,+zona+1,+Lomas+de+Vista+Hermosa,+62293+Cuernavaca,+Mor.,+M%C3%A9xico/@18.9415824,-99.2213769,17z/data=!4m13!1m7!3m6!1s0x85cddfc43ef74801:0xc6f77d97789a9027!2sAv.+San+Diego+501,+zona+1,+Lomas+de+Vista+Hermosa,+62293+Cuernavaca,+Mor.,+M%C3%A9xico!3b1!8m2!3d18.9415824!4d-99.2191882!3m4!1s0x85cddfc43ef74801:0xc6f77d97789a9027!8m2!3d18.9415824!4d-99.2191882<br>lon: -99.219172<br>lat: 18.941471",NA,NA,NA,NA,-1,0,-1,NA,NA,"Morelos","Cuernavaca","Vista Hermosa","Fundacion Comunitaria Morelense","","Av. San Diego","501",NA,"https://www.google.com/maps/place/Av.+San+Diego+501,+zona+1,+Lomas+de+Vista+Hermosa,+62293+Cuernavaca,+Mor.,+M%C3%A9xico/@18.9415824,-99.2213769,17z/data=!4m13!1m7!3m6!1s0x85cddfc43ef74801:0xc6f77d97789a9027!2sAv.+San+Diego+501,+zona+1,+Lomas+de+Vista+Hermosa,+62293+Cuernavaca,+Mor.,+M%C3%A9xico!3b1!8m2!3d18.9415824!4d-99.2191882!3m4!1s0x85cddfc43ef74801:0xc6f77d97789a9027!8m2!3d18.9415824!4d-99.2191882",-99.219172,18.941471,"Av. San Diego 112-316, zona 1, Lomas de Vista Hermosa, 62293 Cuernavaca, Mor., Mexico","Avenida San Diego","112-316","Lomas de Vista Hermosa",62293,"Cuernavaca","Morelos","Mexico",18.941471,-99.219172
"-99.22525, 18.910399",-99.22525,18.910399,NA,"entidad: <br>Delegación: <br>colonia: <br>lugar: <br>entrecalles: <br>calle: rufino tamayo 46<br>numero_exterior: <br>Necesidades: <br>link_google_maps: https://www.google.com/maps/place/Rufino+Tamayo+46,+Acapantzingo,+62440+Cuernavaca,+Mor.,+M%C3%A9xico/@18.9102849,-99.2254785,20z/data=!4m5!3m4!1s0x85cddf0787d3e5f9:0x5867d663b9ec9133!8m2!3d18.9104004!4d-99.2252418<br>lon: -99.22525<br>lat: 18.910399",NA,NA,NA,NA,-1,0,-1,NA,NA,"","","","","","rufino tamayo 46","",NA,"https://www.google.com/maps/place/Rufino+Tamayo+46,+Acapantzingo,+62440+Cuernavaca,+Mor.,+M%C3%A9xico/@18.9102849,-99.2254785,20z/data=!4m5!3m4!1s0x85cddf0787d3e5f9:0x5867d663b9ec9133!8m2!3d18.9104004!4d-99.2252418",-99.22525,18.910399,"Rufino Tamayo 46, Acapantzingo, 62440 Cuernavaca, Mor., Mexico","Rufino Tamayo","46","Acapantzingo",62440,"Cuernavaca","Morelos","Mexico",18.910399,-99.22525
"-99.199703, 19.387702",-99.199703,19.387702,NA,"entidad: CdMx<br>Delegación: Álvaro Obregón<br>colonia: Col. Victoria<br>lugar: Deportivo<br>entrecalles: <br>calle: Av. Escuadrón 201<br>numero_exterior: <br>Necesidades: <br>link_google_maps: https://www.google.com.mx/maps/place/Gimnasio+G3/@19.3879094,-99.2016178,17z/data=!3m1!4b1!4m5!3m4!1s0x85d201d23ca236e7:0x4446f4b6137a26a8!8m2!3d19.3879044!4d-99.1994238?hl=es<br>lon: -99.199703<br>lat: 19.387702",NA,NA,NA,NA,-1,0,-1,NA,NA,"CdMx","Álvaro Obregón","Col. Victoria","Deportivo","","Av. Escuadrón 201","",NA,"https://www.google.com.mx/maps/place/Gimnasio+G3/@19.3879094,-99.2016178,17z/data=!3m1!4b1!4m5!3m4!1s0x85d201d23ca236e7:0x4446f4b6137a26a8!8m2!3d19.3879044!4d-99.1994238?hl=es",-99.199703,19.387702,"Escuadrón 201 7-9, Sede Delegacional, 01150 Ciudad de México, CDMX, Mexico","Escuadrón 201","7-9","Sede Delegacional",1150,"Álvaro Obregón","Ciudad de México","Mexico",19.387702,-99.199703
"-99.199703, 19.387702",-99.199703,19.387702,NA,"entidad: CdMx<br>Delegación: Álvaro Obregón<br>colonia: Col. Victoria<br>lugar: Deportivo<br>entrecalles: <br>calle: Av. Escuadrón 201<br>numero_exterior: <br>Necesidades: <br>link_google_maps: https://www.google.com.mx/maps/place/Gimnasio+G3/@19.3879094,-99.2016178,17z/data=!3m1!4b1!4m5!3m4!1s0x85d201d23ca236e7:0x4446f4b6137a26a8!8m2!3d19.3879044!4d-99.1994238?hl=es<br>lon: -99.199703<br>lat: 19.387702",NA,NA,NA,NA,-1,0,-1,NA,NA,"CdMx","Álvaro Obregón","Col. Victoria","Deportivo","","Av. Escuadrón 201","",NA,"https://www.google.com.mx/maps/place/Gimnasio+G3/@19.3879094,-99.2016178,17z/data=!3m1!4b1!4m5!3m4!1s0x85d201d23ca236e7:0x4446f4b6137a26a8!8m2!3d19.3879044!4d-99.1994238?hl=es",-99.199703,19.387702,"Escuadrón 201 7-9, Sede Delegacional, 01150 Ciudad de México, CDMX, Mexico","Escuadrón 201","7-9","Sede Delegacional",1150,"Álvaro Obregón","Ciudad de México","Mexico",19.387702,-99.199703
"-99.1845903, 19.4838002",-99.1845903,19.4838002,NA,"entidad: CdMx<br>Delegación: Azcapotzalco<br>colonia: Azcapotzalco, Centro<br>lugar: Delegación<br>entrecalles: <br>calle: Castilla Oriente<br>numero_exterior: <br>Necesidades: <br>link_google_maps: https://www.google.com.mx/maps/place/Delegaci%C3%B3n+Azcapotzalco/@19.4838002,-99.1845903,14z/data=!4m8!1m2!2m1!1sdelegaci%C3%B3n+azcapotzalco+edificio+gobierno!3m4!1s0x85d1f87eab3ae1dd:0xfef6890ee17c884e!8m2!3d19.4840941!4d-99.1843859<br>lon: -99.1845903<br>lat: 19.4838002",NA,NA,NA,NA,-1,0,-1,NA,NA,"CdMx","Azcapotzalco","Azcapotzalco, Centro","Delegación","","Castilla Oriente","",NA,"https://www.google.com.mx/maps/place/Delegaci%C3%B3n+Azcapotzalco/@19.4838002,-99.1845903,14z/data=!4m8!1m2!2m1!1sdelegaci%C3%B3n+azcapotzalco+edificio+gobierno!3m4!1s0x85d1f87eab3ae1dd:0xfef6890ee17c884e!8m2!3d19.4840941!4d-99.1843859",-99.1845903,19.4838002,"Estatua Fernando Montes de Oca, Jerusalén, Centro de Azcapotzalco, 02000 Ciudad de México, CDMX, Mexico","Jerusalén",NA,"Centro de Azcapotzalco",2000,"Azcapotzalco","Ciudad de México","Mexico",19.4838002,-99.1845903
"-99.158393, 19.371305",-99.158393,19.371305,NA,"entidad: CdMx<br>Delegación: Benito Juárez<br>colonia: Sta Cruz Atoyac<br>lugar: Deportivo Benito Juárez.<br>entrecalles: <br>calle: Calle Uxmal 807B,, 03310 Ciudad de México, CDMX <br>numero_exterior: <br>Necesidades: <br>link_google_maps: https://www.google.com.mx/maps/place/Centro+Deportivo+%22Benito+Ju%C3%A1rez%22/@19.4280232,-99.2166922,12z/data=!4m8!1m2!2m1!1sDeportivo+Benito+Ju%C3%A1rez!3m4!1s0x85d1ffbadd52cc67:0x6f26499876157670!8m2!3d19.3715078!4d-99.1586286?hl=es<br>lon: -99.158393<br>lat: 19.371305",NA,NA,NA,NA,-1,0,-1,NA,NA,"CdMx","Benito Juárez","Sta Cruz Atoyac","Deportivo Benito Juárez.","","Calle Uxmal 807B,, 03310 Ciudad de México, CDMX","",NA,"https://www.google.com.mx/maps/place/Centro+Deportivo+%22Benito+Ju%C3%A1rez%22/@19.4280232,-99.2166922,12z/data=!4m8!1m2!2m1!1sDeportivo+Benito+Ju%C3%A1rez!3m4!1s0x85d1ffbadd52cc67:0x6f26499876157670!8m2!3d19.3715078!4d-99.1586286?hl=es",-99.158393,19.371305,"Calle Uxmal 210-228, Sta Cruz Atoyac, 03310 Ciudad de México, CDMX, Mexico","Calle Uxmal","210-228","Santa Cruz Atoyac",3310,"Benito Juárez","Ciudad de México","Mexico",19.371305,-99.158393
"-99.289306, 19.362448",-99.289306,19.362448,NA,"entidad: CdMx<br>Delegación: Cuaujimalpa<br>colonia: Rosa Torres<br>lugar: Deportivo<br>entrecalles: esquina san José de los Cedros <br>calle: Calle José María Castorena <br>numero_exterior: 545<br>Necesidades: <br>link_google_maps: https://www.google.com.mx/maps/place/DEPORTIVO+MORELOS/@19.3639314,-99.2877607,17z/data=!3m1!4b1!4m5!3m4!1s0x85d2073106bb90e7:0x8be1a9922614125f!8m2!3d19.3639264!4d-99.2855667?hl=es<br>lon: -99.289306<br>lat: 19.362448",NA,NA,NA,NA,-1,0,-1,NA,NA,"CdMx","Cuaujimalpa","Rosa Torres","Deportivo","esquina san José de los Cedros","Calle José María Castorena","545",NA,"https://www.google.com.mx/maps/place/DEPORTIVO+MORELOS/@19.3639314,-99.2877607,17z/data=!3m1!4b1!4m5!3m4!1s0x85d2073106bb90e7:0x8be1a9922614125f!8m2!3d19.3639264!4d-99.2855667?hl=es",-99.289306,19.362448,"Calle José María Castorena 460, Cuajimalpa de Morelos, 05200 Ciudad de México, CDMX, Mexico","Calle José María Castorena","460","Cuajimalpa de Morelos",5200,"Cuajimalpa de Morelos","Ciudad de México","Mexico",19.362448,-99.289306
"-99.1736609, 19.4048648",-99.1736609,19.4048648,NA,"entidad: CdMx<br>Delegación: Cuauhtémoc<br>colonia: Col. Hipódromo Condesa<br>lugar: Club Junior<br>entrecalles: <br>calle: Sindicalismo<br>numero_exterior: 3<br>Necesidades: <br>link_google_maps: https://www.google.com.mx/maps/place/Junior+Club/@19.4048648,-99.1736609,17z/data=!4m12!1m6!3m5!1s0x85d21ce7601f431d:0xbbb79daa6428a1e2!2sJunior+Club!8m2!3d19.4053202!4d-99.1721589!3m4!1s0x85d21ce7601f431d:0xbbb79daa6428a1e2!8m2!3d19.4053202!4d-99.1721589<br>lon: -99.1736609<br>lat: 19.4048648",NA,NA,NA,NA,-1,0,-1,NA,NA,"CdMx","Cuauhtémoc","Col. Hipódromo Condesa","Club Junior","","Sindicalismo","3",NA,"https://www.google.com.mx/maps/place/Junior+Club/@19.4048648,-99.1736609,17z/data=!4m12!1m6!3m5!1s0x85d21ce7601f431d:0xbbb79daa6428a1e2!2sJunior+Club!8m2!3d19.4053202!4d-99.1721589!3m4!1s0x85d21ce7601f431d:0xbbb79daa6428a1e2!8m2!3d19.4053202!4d-99.1721589",-99.1736609,19.4048648,"Cda. Altata 15, Hipódromo, 06100 Ciudad de México, CDMX, Mexico","Cerrada Altata","15","Hipódromo",6100,"Cuauhtémoc","Ciudad de México","Mexico",19.4048648,-99.1736609
"-99.1502748, 19.4397608",-99.1502748,19.4397608,NA,"entidad: CdMx<br>Delegación: Cuauhtémoc<br>colonia: Guerrero<br>lugar: Deportivo Mina<br>entrecalles: <br>calle: Calle Mina <br>numero_exterior: 134<br>Necesidades: <br>link_google_maps: https://www.google.com.mx/maps/place/Oficinas+Administrativas+del+deportivo+Mina/@19.4397608,-99.1502748,17z/data=!4m12!1m6!3m5!1s0x85d1f8d6613875a1:0x9e6946736fbd8e4b!2sOficinas+Administrativas+del+deportivo+Mina!8m2!3d19.4397608!4d-99.1480861!3m4!1s0x85d1f8d6613875a1:0x9e6946736fbd8e4b!8m2!3d19.4397608!4d-99.1480861<br>lon: -99.1502748<br>lat: 19.4397608",NA,NA,NA,NA,-1,0,-1,NA,NA,"CdMx","Cuauhtémoc","Guerrero","Deportivo Mina","","Calle Mina","134",NA,"https://www.google.com.mx/maps/place/Oficinas+Administrativas+del+deportivo+Mina/@19.4397608,-99.1502748,17z/data=!4m12!1m6!3m5!1s0x85d1f8d6613875a1:0x9e6946736fbd8e4b!2sOficinas+Administrativas+del+deportivo+Mina!8m2!3d19.4397608!4d-99.1480861!3m4!1s0x85d1f8d6613875a1:0x9e6946736fbd8e4b!8m2!3d19.4397608!4d-99.1480861",-99.1502748,19.4397608,"Calle Zaragoza 40, Buenavista, 06350 Ciudad de México, CDMX, Mexico","Calle Zaragoza","40","Buenavista",6350,"Cuauhtémoc","Ciudad de México","Mexico",19.4397608,-99.1502748
"-99.1535962, 19.4424244",-99.1535962,19.4424244,NA,"entidad: CdMx<br>Delegación: Cuauhtémoc<br>colonia: Buenavista<br>lugar: Deportivo Cuautémoc<br>entrecalles: <br>calle: Luis Donaldo Colosio esq. Aldama,<br>numero_exterior: <br>Necesidades: <br>link_google_maps: https://www.google.com.mx/maps/place/Deportivo+Cuauhtemoc/@19.4424244,-99.1535962,17z/data=!4m12!1m6!3m5!1s0x85d1f8d0b146cc93:0x6bf172007e144911!2sDeportivo+Cuauhtemoc!8m2!3d19.4424244!4d-99.1514075!3m4!1s0x85d1f8d0b146cc93:0x6bf172007e144911!8m2!3d19.4424244!4d-99.1514075<br>lon: -99.1535962<br>lat: 19.4424244",NA,NA,NA,NA,-1,0,-1,NA,NA,"CdMx","Cuauhtémoc","Buenavista","Deportivo Cuautémoc","","Luis Donaldo Colosio esq. Aldama,","",NA,"https://www.google.com.mx/maps/place/Deportivo+Cuauhtemoc/@19.4424244,-99.1535962,17z/data=!4m12!1m6!3m5!1s0x85d1f8d0b146cc93:0x6bf172007e144911!2sDeportivo+Cuauhtemoc!8m2!3d19.4424244!4d-99.1514075!3m4!1s0x85d1f8d0b146cc93:0x6bf172007e144911!8m2!3d19.4424244!4d-99.1514075",-99.1535962,19.4424244,"Luis Donaldo Colosio 274, Buenavista, 06350 Ciudad de México, CDMX, Mexico","Luis Donaldo Colosio","274","Buenavista",6350,"Cuauhtémoc","Ciudad de México","Mexico",19.4424244,-99.1535962
"-99.1617717, 19.4553387",-99.1617717,19.4553387,NA,"entidad: CdMx<br>Delegación: Cuauhtémoc<br>colonia: Atlampa<br>lugar: Preparatoria Popular Martires de Tlatelolco AC <br>entrecalles: <br>calle: Calle Fresno <br>numero_exterior: 301<br>Necesidades: <br>link_google_maps: https://www.google.com.mx/maps/place/Preparatoria+Popular+Martires+de+Tlatelolco+AC+(Bachillerato)/@19.4553387,-99.1617717,17z/data=!3m1!4b1!4m5!3m4!1s0x85d1f8c24c6a66b7:0xa7f381afae2a236c!8m2!3d19.4553387!4d-99.159583<br>lon: -99.1617717<br>lat: 19.4553387",NA,NA,NA,NA,-1,0,-1,NA,NA,"CdMx","Cuauhtémoc","Atlampa","Preparatoria Popular Martires de Tlatelolco AC","","Calle Fresno","301",NA,"https://www.google.com.mx/maps/place/Preparatoria+Popular+Martires+de+Tlatelolco+AC+(Bachillerato)/@19.4553387,-99.1617717,17z/data=!3m1!4b1!4m5!3m4!1s0x85d1f8c24c6a66b7:0xa7f381afae2a236c!8m2!3d19.4553387!4d-99.159583",-99.1617717,19.4553387,"Av. Ricardo Flores Magón 492, Sta María la Ribera, 06400 Ciudad de México, CDMX, Mexico","Avenida Ricardo Flores Magón","492","Santa María la Ribera",6400,"Cuauhtémoc","Ciudad de México","Mexico",19.4553387,-99.1617717
"-99.11004, 19.483316",-99.11004,19.483316,NA,"entidad: CdMx<br>Delegación: Gustavo A. Madero<br>colonia: Villa Gustavo A. Madero<br>lugar: Casa del peregrino. <br>entrecalles: <br>calle: Eje 5 Nte Calz San Juan de ARAGON 63<br>numero_exterior: <br>Necesidades: <br>link_google_maps: https://www.google.com.mx/maps/place/Casa+Del+Peregrino+San+Juan+Diego/@19.4832959,-99.1122879,17z/data=!3m1!4b1!4m5!3m4!1s0x85d1f9828f6d605b:0x5fbfa967ac6a44b9!8m2!3d19.4832959!4d-99.1100992?hl=es<br>lon: -99.11004<br>lat: 19.483316",NA,NA,NA,NA,-1,0,-1,NA,NA,"CdMx","Gustavo A. Madero","Villa Gustavo A. Madero","Casa del peregrino.","","Eje 5 Nte Calz San Juan de ARAGON 63","",NA,"https://www.google.com.mx/maps/place/Casa+Del+Peregrino+San+Juan+Diego/@19.4832959,-99.1122879,17z/data=!3m1!4b1!4m5!3m4!1s0x85d1f9828f6d605b:0x5fbfa967ac6a44b9!8m2!3d19.4832959!4d-99.1100992?hl=es",-99.11004,19.483316,"Calz. San Juan de Aragón 69-109, 15 de Agosto, 07050 Ciudad de México, CDMX, Mexico","Calzada San Juan de Aragón","69-109","15 de Agosto",7050,"Gustavo A. Madero","Ciudad de México","Mexico",19.483316,-99.11004
"-99.155068, 19.506756",-99.155068,19.506756,NA,"entidad: CdMx<br>Delegación: Gustavo A. Madero<br>colonia: La Patera Vallejo<br>lugar: Villa Mujeres. <br>entrecalles: <br>calle: Margarita Maza de Juárez 150 Bis,<br>numero_exterior: <br>Necesidades: <br>link_google_maps: https://www.google.com.mx/maps/place/Centro+de+Asistencia+e+Integraci%C3%B3n+Social+Villa+Mujeres/@19.5070796,-99.1570639,17z/data=!3m1!4b1!4m5!3m4!1s0x85d1f8371140cd57:0xd87c8d1e7b30916f!8m2!3d19.5070796!4d-99.1548752?hl=es<br>lon: -99.155068<br>lat: 19.506756",NA,NA,NA,NA,-1,0,-1,NA,NA,"CdMx","Gustavo A. Madero","La Patera Vallejo","Villa Mujeres.","","Margarita Maza de Juárez 150 Bis,","",NA,"https://www.google.com.mx/maps/place/Centro+de+Asistencia+e+Integraci%C3%B3n+Social+Villa+Mujeres/@19.5070796,-99.1570639,17z/data=!3m1!4b1!4m5!3m4!1s0x85d1f8371140cd57:0xd87c8d1e7b30916f!8m2!3d19.5070796!4d-99.1548752?hl=es",-99.155068,19.506756,"Margarita Maza de Juárez 150B, Margarita Maza de Juárez Deportivo, 07700 Ciudad de México, CDMX, Mexico","Margarita Maza de Juárez","150B","Margarita Maza de Juárez Deportivo",7700,"Gustavo A. Madero","Ciudad de México","Mexico",19.506756,-99.155068
"-99.068666, 19.414111",-99.068666,19.414111,NA,"entidad: CdMx<br>Delegación: Iztacalco<br>colonia: Colonia Pantitlán<br>lugar: Casa del Adulto Mayor Elena Poniatowska<br>entrecalles: <br>calle: Calle 1 s/n, entre Guadalupe y talleres gráficos<br>numero_exterior: <br>Necesidades: <br>link_google_maps: https://www.google.com.mx/maps/place/Casa+Elena+Poniatowska/@19.4143229,-99.104791,13z/data=!4m5!1m2!2m1!1sCasa+del+Adulto+Mayor+Elena+Poniatowska!3m1!1s0x85d1fc5d00000001:0xb56e6db75fe5433b?hl=es<br>lon: -99.068666<br>lat: 19.414111",NA,NA,NA,NA,-1,0,-1,NA,NA,"CdMx","Iztacalco","Colonia Pantitlán","Casa del Adulto Mayor Elena Poniatowska","","Calle 1 s/n, entre Guadalupe y talleres gráficos","",NA,"https://www.google.com.mx/maps/place/Casa+Elena+Poniatowska/@19.4143229,-99.104791,13z/data=!4m5!1m2!2m1!1sCasa+del+Adulto+Mayor+Elena+Poniatowska!3m1!1s0x85d1fc5d00000001:0xb56e6db75fe5433b?hl=es",-99.068666,19.414111,"Calle Talleres Gráficos 80BIS, Agrícola Pantitlán, 08100 Ciudad de México, CDMX, Mexico","Calle Talleres Gráficos","80BIS","Agrícola Pantitlán",8100,"Iztacalco","Ciudad de México","Mexico",19.414111,-99.068666
"-99.131704, 19.398999",-99.131704,19.398999,NA,"entidad: CdMx<br>Delegación: Iztapalapa<br>colonia: Viaducto Piedad<br>lugar: Cais Coruña Jóvenes<br>entrecalles: <br>calle: Sur <br>numero_exterior: 65-A 3246<br>Necesidades: <br>link_google_maps: https://www.google.com.mx/maps/place/Cais+Coru%C3%B1a+J%C3%B3venes/@19.3990368,-99.1339035,17z/data=!3m1!4b1!4m5!3m4!1s0x85d1feefcba12f0d:0xd99abb63fed49194!8m2!3d19.3990368!4d-99.1317148<br>lon: -99.131704<br>lat: 19.398999",NA,NA,NA,NA,-1,0,-1,NA,NA,"CdMx","Iztapalapa","Viaducto Piedad","Cais Coruña Jóvenes","","Sur","65-A 3246",NA,"https://www.google.com.mx/maps/place/Cais+Coru%C3%B1a+J%C3%B3venes/@19.3990368,-99.1339035,17z/data=!3m1!4b1!4m5!3m4!1s0x85d1feefcba12f0d:0xd99abb63fed49194!8m2!3d19.3990368!4d-99.1317148",-99.131704,19.398999,"Calz. Sta. Anita 122, Viaducto Piedad, 08200 Ciudad de México, CDMX, Mexico","Calzada Santa Anita","122","Viaducto Piedad",8200,"Iztacalco","Ciudad de México","Mexico",19.398999,-99.131704
"-99.116757, 19.401163",-99.116757,19.401163,NA,"entidad: CdMx<br>Delegación: Iztacalco<br>colonia: Colonia Fraccionamiento Coyuya<br>lugar: Centro Social Fraccionamiento Coyuya <br>entrecalles: <br>calle: Av Coyuya s/n, esquina 1ero de mayo, <br>numero_exterior: <br>Necesidades: <br>link_google_maps: https://www.google.com.mx/maps/place/Centro+Social+Fraccionamiento+Coyuya/@19.401279,-99.1190151,17z/data=!3m1!4b1!4m5!3m4!1s0x85d1fe91999e9c63:0x15386c301de2485d!8m2!3d19.401274!4d-99.116821?hl=es<br>lon: -99.116757<br>lat: 19.401163",NA,NA,NA,NA,-1,0,-1,NA,NA,"CdMx","Iztacalco","Colonia Fraccionamiento Coyuya","Centro Social Fraccionamiento Coyuya","","Av Coyuya s/n, esquina 1ero de mayo,","",NA,"https://www.google.com.mx/maps/place/Centro+Social+Fraccionamiento+Coyuya/@19.401279,-99.1190151,17z/data=!3m1!4b1!4m5!3m4!1s0x85d1fe91999e9c63:0x15386c301de2485d!8m2!3d19.401274!4d-99.116821?hl=es",-99.116757,19.401163,"Cólica 16, Coyuya, 08320 Ciudad de México, CDMX, Mexico","Cólica","16","Coyuya",8320,"Iztacalco","Ciudad de México","Mexico",19.401163,-99.116757
"-99.091637, 19.407581",-99.091637,19.407581,NA,"entidad: CdMx<br>Delegación: Iztacalco<br>colonia: Granjas México<br>lugar: Sala de Armas de la Magdalena Mixihuca<br>entrecalles: <br>calle: Boulevard <br>numero_exterior: 5<br>Necesidades: <br>link_google_maps: https://www.google.com.mx/maps/place/Sala+de+Armas/@19.407729,-99.0921998,3a,75y,90t/data=!3m8!1e2!3m6!1sAF1QipM7gWi7X06Tfzy-mZIrmFRKVxIa3AhGWa9SRnZ3!2e10!3e12!6shttps:%2F%2Flh5.googleusercontent.com%2Fp%2FAF1QipM7gWi7X06Tfzy-mZIrmFRKVxIa3AhGWa9SRnZ3%3Dw152-h86-k-no!7i5312!8i2988!4m8!1m2!2m1!1sSala+de+Armas+de+la+Magdalena+Mixihuca!3m4!1s0x0:0x33d905d1609b2854!8m2!3d19.4077288!4d-99.0921997<br>lon: -99.091637<br>lat: 19.407581",NA,NA,NA,NA,-1,0,-1,NA,NA,"CdMx","Iztacalco","Granjas México","Sala de Armas de la Magdalena Mixihuca","","Boulevard","5",NA,"https://www.google.com.mx/maps/place/Sala+de+Armas/@19.407729,-99.0921998,3a,75y,90t/data=!3m8!1e2!3m6!1sAF1QipM7gWi7X06Tfzy-mZIrmFRKVxIa3AhGWa9SRnZ3!2e10!3e12!6shttps:%2F%2Flh5.googleusercontent.com%2Fp%2FAF1QipM7gWi7X06Tfzy-mZIrmFRKVxIa3AhGWa9SRnZ3%3Dw152-h86-k-no!7i5312!8i2988!4m8!1m2!2m1!1sSala+de+Armas+de+la+Magdalena+Mixihuca!3m4!1s0x0:0x33d905d1609b2854!8m2!3d19.4077288!4d-99.0921997",-99.091637,19.407581,"Boulevard 5, Granjas México, 08400 Ciudad de México, CDMX, Mexico","Boulevard","5","Granjas México",8400,"Iztacalco","Ciudad de México","Mexico",19.407581,-99.091637
"-99.081541, 19.393284",-99.081541,19.393284,NA,"entidad: CdMx<br>Delegación: Iztacalco<br>colonia: Agrícola Oriental <br>lugar: Casa de la Mujer Mariposas Iztacalco <br>entrecalles: <br>calle: Sur 20 y Oriente 227<br>numero_exterior: <br>Necesidades: <br>link_google_maps: https://www.google.com.mx/maps/place/CIAM/@19.3933269,-99.083751,17z/data=!3m1!4b1!4m5!3m4!1s0x85d1fc35c9dd8e3f:0xb37f4f9c132e216!8m2!3d19.3933219!4d-99.0815569?hl=es<br>lon: -99.081541<br>lat: 19.393284",NA,NA,NA,NA,-1,0,-1,NA,NA,"CdMx","Iztacalco","Agrícola Oriental","Casa de la Mujer Mariposas Iztacalco","","Sur 20 y Oriente 227","",NA,"https://www.google.com.mx/maps/place/CIAM/@19.3933269,-99.083751,17z/data=!3m1!4b1!4m5!3m4!1s0x85d1fc35c9dd8e3f:0xb37f4f9c132e216!8m2!3d19.3933219!4d-99.0815569?hl=es",-99.081541,19.393284,"Ote. 229 442, Agrícola Oriental, 08500 Ciudad de México, CDMX, Mexico","Oriente 229","442","Agrícola Oriental",8500,"Iztacalco","Ciudad de México","Mexico",19.393284,-99.081541
"-99.173115, 19.453989",-99.173115,19.453989,NA,"entidad: CdMx<br>Delegación: Miguel Hidalgo<br>colonia: Nextitla<br>lugar: Deportivo Plan Sexenal<br>entrecalles: <br>calle: Calle Ferrocarril de Cuernavaca<br>numero_exterior: <br>Necesidades: <br>link_google_maps: https://www.google.com.mx/maps/place/Deportivo+Plan+Sexenal/@19.4542365,-99.1751592,17z/data=!3m1!4b1!4m5!3m4!1s0x85d1f895efda1e37:0xd664cccbee1d6a82!8m2!3d19.4542315!4d-99.1729651?hl=es<br>lon: -99.173115<br>lat: 19.453989",NA,NA,NA,NA,-1,0,-1,NA,NA,"CdMx","Miguel Hidalgo","Nextitla","Deportivo Plan Sexenal","","Calle Ferrocarril de Cuernavaca","",NA,"https://www.google.com.mx/maps/place/Deportivo+Plan+Sexenal/@19.4542365,-99.1751592,17z/data=!3m1!4b1!4m5!3m4!1s0x85d1f895efda1e37:0xd664cccbee1d6a82!8m2!3d19.4542315!4d-99.1729651?hl=es",-99.173115,19.453989,"Plan de Guadalupe 82, Nextitla, 11420 Ciudad de México, CDMX, Mexico","Plan de Guadalupe","82","Nextitla",11420,"Miguel Hidalgo","Ciudad de México","Mexico",19.453989,-99.173115
"-99.193352, 19.448796",-99.193352,19.448796,NA,"entidad: CdMx<br>Delegación: Miguel Hidalgo<br>colonia: Reforma Pensil<br>lugar: Deportivo Pavón.<br>entrecalles: <br>calle: Lago Trasimeno s/n, Pensil Norte, Reforma Pensil<br>numero_exterior: <br>Necesidades: <br>link_google_maps: https://www.google.com.mx/maps/place/Deportivo+Jos%C3%A9+Mar%C3%ADa+Morelos+y+Pav%C3%B3n/@19.4489988,-99.1955624,17z/data=!3m1!4b1!4m5!3m4!1s0x85d2020bf1d748ab:0xc4d8cce552ab429c!8m2!3d19.4489988!4d-99.1933737?hl=es<br>lon: -99.193352<br>lat: 19.448796",NA,NA,NA,NA,-1,0,-1,NA,NA,"CdMx","Miguel Hidalgo","Reforma Pensil","Deportivo Pavón.","","Lago Trasimeno s/n, Pensil Norte, Reforma Pensil","",NA,"https://www.google.com.mx/maps/place/Deportivo+Jos%C3%A9+Mar%C3%ADa+Morelos+y+Pav%C3%B3n/@19.4489988,-99.1955624,17z/data=!3m1!4b1!4m5!3m4!1s0x85d2020bf1d748ab:0xc4d8cce552ab429c!8m2!3d19.4489988!4d-99.1933737?hl=es",-99.193352,19.448796,"Lago Trasimeno 16B, Reforma Pensil, 11440 Ciudad de México, CDMX, Mexico","Lago Trasimeno","16B","Reforma Pensil",11440,"Miguel Hidalgo","Ciudad de México","Mexico",19.448796,-99.193352
"-99.193352, 19.448796",-99.193352,19.448796,NA,"entidad: CdMx<br>Delegación: Miguel Hidalgo<br>colonia: Reforma Pensil<br>lugar: Deportivo Pavón.<br>entrecalles: <br>calle: Lago Trasimeno s/n, Pensil Norte, Reforma Pensil<br>numero_exterior: <br>Necesidades: <br>link_google_maps: https://www.google.com.mx/maps/place/Deportivo+Jos%C3%A9+Mar%C3%ADa+Morelos+y+Pav%C3%B3n/@19.4489988,-99.1955624,17z/data=!3m1!4b1!4m5!3m4!1s0x85d2020bf1d748ab:0xc4d8cce552ab429c!8m2!3d19.4489988!4d-99.1933737?hl=es<br>lon: -99.193352<br>lat: 19.448796",NA,NA,NA,NA,-1,0,-1,NA,NA,"CdMx","Miguel Hidalgo","Reforma Pensil","Deportivo Pavón.","","Lago Trasimeno s/n, Pensil Norte, Reforma Pensil","",NA,"https://www.google.com.mx/maps/place/Deportivo+Jos%C3%A9+Mar%C3%ADa+Morelos+y+Pav%C3%B3n/@19.4489988,-99.1955624,17z/data=!3m1!4b1!4m5!3m4!1s0x85d2020bf1d748ab:0xc4d8cce552ab429c!8m2!3d19.4489988!4d-99.1933737?hl=es",-99.193352,19.448796,"Lago Trasimeno 16B, Reforma Pensil, 11440 Ciudad de México, CDMX, Mexico","Lago Trasimeno","16B","Reforma Pensil",11440,"Miguel Hidalgo","Ciudad de México","Mexico",19.448796,-99.193352
"-99.188787, 19.405886",-99.188787,19.405886,NA,"entidad: CdMx<br>Delegación: Miguel Hidalgo<br>colonia: Parque Lira.<br>lugar: Museo<br>entrecalles: <br>calle: Calle Parque Lira 136, San Miguel Chapultepec I Secc<br>numero_exterior: <br>Necesidades: <br>link_google_maps: https://www.google.com.mx/maps/place/Parque+Lira/@19.4087361,-99.7539062,9z/data=!4m8!1m2!2m1!1sParque+Lira!3m4!1s0x85d1ff602023b927:0x1fddc46a70142978!8m2!3d19.4054861!4d-99.189804?hl=es<br>lon: -99.188787<br>lat: 19.405886",NA,NA,NA,NA,-1,0,-1,NA,NA,"CdMx","Miguel Hidalgo","Parque Lira.","Museo","","Calle Parque Lira 136, San Miguel Chapultepec I Secc","",NA,"https://www.google.com.mx/maps/place/Parque+Lira/@19.4087361,-99.7539062,9z/data=!4m8!1m2!2m1!1sParque+Lira!3m4!1s0x85d1ff602023b927:0x1fddc46a70142978!8m2!3d19.4054861!4d-99.189804?hl=es",-99.188787,19.405886,"Calle Parque Lira 136, San Miguel Chapultepec I Secc, 11850 Ciudad de México, CDMX, Mexico","Calle Parque Lira","136","San Miguel Chapultepec I Sección",11850,"Miguel Hidalgo","Ciudad de México","Mexico",19.405886,-99.188787
"-99.188787, 19.405886",-99.188787,19.405886,NA,"entidad: CdMx<br>Delegación: Miguel Hidalgo<br>colonia: Parque Lira.<br>lugar: Museo<br>entrecalles: <br>calle: Calle Parque Lira 136, San Miguel Chapultepec I Secc<br>numero_exterior: <br>Necesidades: <br>link_google_maps: https://www.google.com.mx/maps/place/Parque+Lira/@19.4087361,-99.7539062,9z/data=!4m8!1m2!2m1!1sParque+Lira!3m4!1s0x85d1ff602023b927:0x1fddc46a70142978!8m2!3d19.4054861!4d-99.189804?hl=es<br>lon: -99.188787<br>lat: 19.405886",NA,NA,NA,NA,-1,0,-1,NA,NA,"CdMx","Miguel Hidalgo","Parque Lira.","Museo","","Calle Parque Lira 136, San Miguel Chapultepec I Secc","",NA,"https://www.google.com.mx/maps/place/Parque+Lira/@19.4087361,-99.7539062,9z/data=!4m8!1m2!2m1!1sParque+Lira!3m4!1s0x85d1ff602023b927:0x1fddc46a70142978!8m2!3d19.4054861!4d-99.189804?hl=es",-99.188787,19.405886,"Calle Parque Lira 136, San Miguel Chapultepec I Secc, 11850 Ciudad de México, CDMX, Mexico","Calle Parque Lira","136","San Miguel Chapultepec I Sección",11850,"Miguel Hidalgo","Ciudad de México","Mexico",19.405886,-99.188787
"-99.0407647, 19.205914",-99.0407647,19.205914,NA,"entidad: <br>Delegación: MilpaAlta<br>colonia: Santa Martha<br>lugar: Gimnasio de Villa Milpa Alta<br>entrecalles: <br>calle: Sinaloa Nte. Sn, Milpa Alta, Barrio Santa Martha<br>numero_exterior: <br>Necesidades: <br>link_google_maps: https://www.google.com.mx/maps/place/Gimnasio+de+Villa+Milpa+Alta/@19.205914,-99.0407647,15z/data=!4m8!1m2!2m1!1sGimnasio+villa+Milpalta!3m4!1s0x0:0xcebd6c90acabbf39!8m2!3d19.200012!4d-99.0266633<br>lon: -99.0407647<br>lat: 19.205914",NA,NA,NA,NA,-1,0,-1,NA,NA,"","MilpaAlta","Santa Martha","Gimnasio de Villa Milpa Alta","","Sinaloa Nte. Sn, Milpa Alta, Barrio Santa Martha","",NA,"https://www.google.com.mx/maps/place/Gimnasio+de+Villa+Milpa+Alta/@19.205914,-99.0407647,15z/data=!4m8!1m2!2m1!1sGimnasio+villa+Milpalta!3m4!1s0x0:0xcebd6c90acabbf39!8m2!3d19.200012!4d-99.0266633",-99.0407647,19.205914,"Xaltepec, San Pedro Atocpan, 12200 Ciudad de México, CDMX, Mexico","Xaltepec",NA,NA,12200,"Milpa Alta","Ciudad de México","Mexico",19.205914,-99.0407647
"-99.0407647, 19.205914",-99.0407647,19.205914,NA,"entidad: <br>Delegación: MilpaAlta<br>colonia: Santa Martha<br>lugar: Gimnasio de Villa Milpa Alta<br>entrecalles: <br>calle: Sinaloa Nte. Sn, Milpa Alta, Barrio Santa Martha<br>numero_exterior: <br>Necesidades: <br>link_google_maps: https://www.google.com.mx/maps/place/Gimnasio+de+Villa+Milpa+Alta/@19.205914,-99.0407647,15z/data=!4m8!1m2!2m1!1sGimnasio+villa+Milpalta!3m4!1s0x0:0xcebd6c90acabbf39!8m2!3d19.200012!4d-99.0266633<br>lon: -99.0407647<br>lat: 19.205914",NA,NA,NA,NA,-1,0,-1,NA,NA,"","MilpaAlta","Santa Martha","Gimnasio de Villa Milpa Alta","","Sinaloa Nte. Sn, Milpa Alta, Barrio Santa Martha","",NA,"https://www.google.com.mx/maps/place/Gimnasio+de+Villa+Milpa+Alta/@19.205914,-99.0407647,15z/data=!4m8!1m2!2m1!1sGimnasio+villa+Milpalta!3m4!1s0x0:0xcebd6c90acabbf39!8m2!3d19.200012!4d-99.0266633",-99.0407647,19.205914,"Xaltepec, San Pedro Atocpan, 12200 Ciudad de México, CDMX, Mexico","Xaltepec",NA,NA,12200,"Milpa Alta","Ciudad de México","Mexico",19.205914,-99.0407647
"-99.0407647, 19.205914",-99.0407647,19.205914,NA,"entidad: <br>Delegación: MilpaAlta<br>colonia: Santa Martha<br>lugar: Gimnasio de Villa Milpa Alta<br>entrecalles: <br>calle: Sinaloa Nte. Sn, Milpa Alta, Barrio Santa Martha<br>numero_exterior: <br>Necesidades: <br>link_google_maps: https://www.google.com.mx/maps/place/Gimnasio+de+Villa+Milpa+Alta/@19.205914,-99.0407647,15z/data=!4m8!1m2!2m1!1sGimnasio+villa+Milpalta!3m4!1s0x0:0xcebd6c90acabbf39!8m2!3d19.200012!4d-99.0266633<br>lon: -99.0407647<br>lat: 19.205914",NA,NA,NA,NA,-1,0,-1,NA,NA,"","MilpaAlta","Santa Martha","Gimnasio de Villa Milpa Alta","","Sinaloa Nte. Sn, Milpa Alta, Barrio Santa Martha","",NA,"https://www.google.com.mx/maps/place/Gimnasio+de+Villa+Milpa+Alta/@19.205914,-99.0407647,15z/data=!4m8!1m2!2m1!1sGimnasio+villa+Milpalta!3m4!1s0x0:0xcebd6c90acabbf39!8m2!3d19.200012!4d-99.0266633",-99.0407647,19.205914,"Xaltepec, San Pedro Atocpan, 12200 Ciudad de México, CDMX, Mexico","Xaltepec",NA,NA,12200,"Milpa Alta","Ciudad de México","Mexico",19.205914,-99.0407647
"-99.0407647, 19.205914",-99.0407647,19.205914,NA,"entidad: <br>Delegación: MilpaAlta<br>colonia: Santa Martha<br>lugar: Gimnasio de Villa Milpa Alta<br>entrecalles: <br>calle: Sinaloa Nte. Sn, Milpa Alta, Barrio Santa Martha<br>numero_exterior: <br>Necesidades: <br>link_google_maps: https://www.google.com.mx/maps/place/Gimnasio+de+Villa+Milpa+Alta/@19.205914,-99.0407647,15z/data=!4m8!1m2!2m1!1sGimnasio+villa+Milpalta!3m4!1s0x0:0xcebd6c90acabbf39!8m2!3d19.200012!4d-99.0266633<br>lon: -99.0407647<br>lat: 19.205914",NA,NA,NA,NA,-1,0,-1,NA,NA,"","MilpaAlta","Santa Martha","Gimnasio de Villa Milpa Alta","","Sinaloa Nte. Sn, Milpa Alta, Barrio Santa Martha","",NA,"https://www.google.com.mx/maps/place/Gimnasio+de+Villa+Milpa+Alta/@19.205914,-99.0407647,15z/data=!4m8!1m2!2m1!1sGimnasio+villa+Milpalta!3m4!1s0x0:0xcebd6c90acabbf39!8m2!3d19.200012!4d-99.0266633",-99.0407647,19.205914,"Xaltepec, San Pedro Atocpan, 12200 Ciudad de México, CDMX, Mexico","Xaltepec",NA,NA,12200,"Milpa Alta","Ciudad de México","Mexico",19.205914,-99.0407647
"-99.1881, 19.296697",-99.1881,19.296697,NA,"entidad: CdMx<br>Delegación: Tlalpan<br>colonia: Miguel Hidalgo Villa Olímpica<br>lugar: Villa Olímpica<br>entrecalles: <br>calle: Avenida Insurgentes <br>numero_exterior: Sur 3493<br>Necesidades: <br>link_google_maps: https://www.google.com.mx/maps/place/Villa+Olimpica/@19.2968874,-99.1893644,17z/data=!3m1!4b1!4m5!3m4!1s0x85ce0077e51e6ae7:0x1a49893de8a89994!8m2!3d19.2968874!4d-99.1871757?hl=es<br>lon: -99.1881<br>lat: 19.296697",NA,NA,NA,NA,-1,0,-1,NA,NA,"CdMx","Tlalpan","Miguel Hidalgo Villa Olímpica","Villa Olímpica","","Avenida Insurgentes","Sur 3493",NA,"https://www.google.com.mx/maps/place/Villa+Olimpica/@19.2968874,-99.1893644,17z/data=!3m1!4b1!4m5!3m4!1s0x85ce0077e51e6ae7:0x1a49893de8a89994!8m2!3d19.2968874!4d-99.1871757?hl=es",-99.1881,19.296697,"Av. Insurgentes Sur 3493, Miguel Hidalgo Villa Olímpica, 14250 Ciudad de México, CDMX, Mexico","Avenida Insurgentes Sur","3493","Miguel Hidalgo Villa Olímpica",14250,"Tlalpan","Ciudad de México","Mexico",19.296697,-99.1881
"-99.1881, 19.296697",-99.1881,19.296697,NA,"entidad: CdMx<br>Delegación: Tlalpan<br>colonia: Miguel Hidalgo Villa Olímpica<br>lugar: Villa Olímpica<br>entrecalles: <br>calle: Avenida Insurgentes <br>numero_exterior: Sur 3493<br>Necesidades: <br>link_google_maps: https://www.google.com.mx/maps/place/Villa+Olimpica/@19.2968874,-99.1893644,17z/data=!3m1!4b1!4m5!3m4!1s0x85ce0077e51e6ae7:0x1a49893de8a89994!8m2!3d19.2968874!4d-99.1871757?hl=es<br>lon: -99.1881<br>lat: 19.296697",NA,NA,NA,NA,-1,0,-1,NA,NA,"CdMx","Tlalpan","Miguel Hidalgo Villa Olímpica","Villa Olímpica","","Avenida Insurgentes","Sur 3493",NA,"https://www.google.com.mx/maps/place/Villa+Olimpica/@19.2968874,-99.1893644,17z/data=!3m1!4b1!4m5!3m4!1s0x85ce0077e51e6ae7:0x1a49893de8a89994!8m2!3d19.2968874!4d-99.1871757?hl=es",-99.1881,19.296697,"Av. Insurgentes Sur 3493, Miguel Hidalgo Villa Olímpica, 14250 Ciudad de México, CDMX, Mexico","Avenida Insurgentes Sur","3493","Miguel Hidalgo Villa Olímpica",14250,"Tlalpan","Ciudad de México","Mexico",19.296697,-99.1881
"-99.1881, 19.296697",-99.1881,19.296697,NA,"entidad: CdMx<br>Delegación: Tlalpan<br>colonia: Miguel Hidalgo Villa Olímpica<br>lugar: Villa Olímpica<br>entrecalles: <br>calle: Avenida Insurgentes <br>numero_exterior: Sur 3493<br>Necesidades: <br>link_google_maps: https://www.google.com.mx/maps/place/Villa+Olimpica/@19.2968874,-99.1893644,17z/data=!3m1!4b1!4m5!3m4!1s0x85ce0077e51e6ae7:0x1a49893de8a89994!8m2!3d19.2968874!4d-99.1871757?hl=es<br>lon: -99.1881<br>lat: 19.296697",NA,NA,NA,NA,-1,0,-1,NA,NA,"CdMx","Tlalpan","Miguel Hidalgo Villa Olímpica","Villa Olímpica","","Avenida Insurgentes","Sur 3493",NA,"https://www.google.com.mx/maps/place/Villa+Olimpica/@19.2968874,-99.1893644,17z/data=!3m1!4b1!4m5!3m4!1s0x85ce0077e51e6ae7:0x1a49893de8a89994!8m2!3d19.2968874!4d-99.1871757?hl=es",-99.1881,19.296697,"Av. Insurgentes Sur 3493, Miguel Hidalgo Villa Olímpica, 14250 Ciudad de México, CDMX, Mexico","Avenida Insurgentes Sur","3493","Miguel Hidalgo Villa Olímpica",14250,"Tlalpan","Ciudad de México","Mexico",19.296697,-99.1881
"-99.1881, 19.296697",-99.1881,19.296697,NA,"entidad: CdMx<br>Delegación: Tlalpan<br>colonia: Miguel Hidalgo Villa Olímpica<br>lugar: Villa Olímpica<br>entrecalles: <br>calle: Avenida Insurgentes <br>numero_exterior: Sur 3493<br>Necesidades: <br>link_google_maps: https://www.google.com.mx/maps/place/Villa+Olimpica/@19.2968874,-99.1893644,17z/data=!3m1!4b1!4m5!3m4!1s0x85ce0077e51e6ae7:0x1a49893de8a89994!8m2!3d19.2968874!4d-99.1871757?hl=es<br>lon: -99.1881<br>lat: 19.296697",NA,NA,NA,NA,-1,0,-1,NA,NA,"CdMx","Tlalpan","Miguel Hidalgo Villa Olímpica","Villa Olímpica","","Avenida Insurgentes","Sur 3493",NA,"https://www.google.com.mx/maps/place/Villa+Olimpica/@19.2968874,-99.1893644,17z/data=!3m1!4b1!4m5!3m4!1s0x85ce0077e51e6ae7:0x1a49893de8a89994!8m2!3d19.2968874!4d-99.1871757?hl=es",-99.1881,19.296697,"Av. Insurgentes Sur 3493, Miguel Hidalgo Villa Olímpica, 14250 Ciudad de México, CDMX, Mexico","Avenida Insurgentes Sur","3493","Miguel Hidalgo Villa Olímpica",14250,"Tlalpan","Ciudad de México","Mexico",19.296697,-99.1881
"-99.121312, 19.303176",-99.121312,19.303176,NA,"entidad: CdMx<br>Delegación: Coyoacan<br>colonia: Campestre Coyoacan<br>lugar: Deportivo Rosario Iglesias.<br>entrecalles: <br>calle: Calz. del Hueso 400, Los Girasoles, 04920 <br>numero_exterior: <br>Necesidades: <br>link_google_maps: https://www.google.com.mx/maps/place/Centro+Social+y+Deportivo+Rosario+Iglesias+Rocha/@19.3033029,-99.1233128,17z/data=!3m1!4b1!4m5!3m4!1s0x85ce0198314c94f1:0xa7e901200af3b194!8m2!3d19.3032979!4d-99.1211187?hl=es<br>lon: -99.121312<br>lat: 19.303176",NA,NA,NA,NA,-1,0,-1,NA,NA,"CdMx","Coyoacan","Campestre Coyoacan","Deportivo Rosario Iglesias.","","Calz. del Hueso 400, Los Girasoles, 04920","",NA,"https://www.google.com.mx/maps/place/Centro+Social+y+Deportivo+Rosario+Iglesias+Rocha/@19.3033029,-99.1233128,17z/data=!3m1!4b1!4m5!3m4!1s0x85ce0198314c94f1:0xa7e901200af3b194!8m2!3d19.3032979!4d-99.1211187?hl=es",-99.121312,19.303176,"Calz. del Hueso 400, Coapa 28 Bis, 14320 Ciudad de México, CDMX, Mexico","Calzada del Hueso","400","Coapa 28 Bis",14320,"Tlalpan","Ciudad de México","Mexico",19.303176,-99.121312
