"coordenadas","X","Y","Name","description","timestamp","begin","end","altitudeMode","tessellate","extrude","visibility","drawOrder","icon","unnamed__1_","Calle","Colonia","Delegaci__n","Estado","Foto","Herramientas_Faltantes","Herramientas_Sobrantes","Hora","Hora_del_Reporte","Mano_de_Obra_Faltante","Mano_de_Obra_Sobrantes","Medicamentos_Faltantes","Medicamentos_Sobrantes","N__mero_Exterior__o_Aproximado","N__mero_de_Personas_Atrapadas","N__mero_de_Personas_Desaparecidas","N__mero_de_Personas_Fallecidas","N__mero_de_Personas_Lesionadas","N__mero_de_Personas_Rescatadas","Otra_Referencia_de_Ubicaci__n","Tipo_de_Infraestructura","Tipo_de_Uso","Verificado","V__veres_Faltantes","V__veres_Sobrantes","latitud","longitud","direccion_Verificado","calle_Verificado","numero_Verificado","colonia_Verificado","cp_Verificado","ciudad_municipio_Verificado","estado_Verificado","pais_Verificado","lat_Verificado","long_Verificado"
"-92.64076233, 16.72674942",-92.64076233,16.72674942,"Cruz Roja de S Crist�_bal","unnamed (1): 1<br>Calle: Av. Ignacio Allende<br>Colonia: <br>Delegación: <br>Estado: Chiapas<br>Foto: <br>Herramientas Faltantes: <br>Herramientas Sobrantes: <br>Hora: <br>Hora del Reporte: <br>Mano de Obra Faltante: <br>Mano de Obra Sobrantes: <br>Medicamentos Faltantes: <br>Medicamentos Sobrantes: <br>Número Exterior  o Aproximado: <br>Número de Personas Atrapadas: <br>Número de Personas Desaparecidas: <br>Número de Personas Fallecidas: <br>Número de Personas Lesionadas: <br>Número de Personas Rescatadas: <br>Otra Referencia de Ubicación: <br>Tipo de Infraestructura: <br>Tipo de Uso: <br>Verificado: <br>Víveres Faltantes: <br>Víveres Sobrantes: <br>latitud: 16.72674942<br>longitud: -92.64076233",NA,NA,NA,NA,-1,0,-1,NA,NA,1,"Av. Ignacio Allende","",NA,"Chiapas",NA,NA,NA,NA,NA,NA,NA,NA,NA,NA,NA,NA,NA,NA,NA,NA,NA,NA,NA,NA,NA,16.72674942,-92.64076233,"Blvrd Ignacio Allende 34-36, Barrio de San Diego, 29270 San Cristóbal de las Casas, Chis., Mexico","Boulevard Ignacio Allende","34-36","Barrio de San Diego",29270,"San Cristóbal de las Casas","Chiapas","Mexico",16.72674942,-92.64076233
"-96.725051, 17.05994",-96.725051,17.05994,"Derrumbe","unnamed (1): 2<br>Calle: Sierrav�_sta Y R�_o Bamba<br>Colonia: <br>Delegación: <br>Estado: Cdmx<br>Foto: <br>Herramientas Faltantes: <br>Herramientas Sobrantes: <br>Hora: <br>Hora del Reporte: <br>Mano de Obra Faltante: <br>Mano de Obra Sobrantes: <br>Medicamentos Faltantes: <br>Medicamentos Sobrantes: <br>Número Exterior  o Aproximado: <br>Número de Personas Atrapadas: <br>Número de Personas Desaparecidas: <br>Número de Personas Fallecidas: <br>Número de Personas Lesionadas: <br>Número de Personas Rescatadas: <br>Otra Referencia de Ubicación: <br>Tipo de Infraestructura: <br>Tipo de Uso: <br>Verificado: <br>Víveres Faltantes: <br>Víveres Sobrantes: <br>latitud: 17.05994<br>longitud: -96.72505100000001",NA,NA,NA,NA,-1,0,-1,NA,NA,2,"Sierrav�_sta Y R�_o Bamba","",NA,"Cdmx",NA,NA,NA,NA,NA,NA,NA,NA,NA,NA,NA,NA,NA,NA,NA,NA,NA,NA,NA,NA,NA,17.05994,-96.725051,"Bustamante 110, OAX_RE_BENITO JUAREZ, Centro, 68000 Oaxaca, Oax., Mexico","Bustamante","110","Centro",68000,"Oaxaca","Oaxaca","Mexico",17.05994,-96.725051
"-96.7251358, 17.05584526",-96.7251358,17.05584526,"Cruz Roja Mexicana - Oaxaca","unnamed (1): 0<br>Calle: Armenta Y L�_pez<br>Colonia: <br>Delegación: <br>Estado: Oaxaca<br>Foto: <br>Herramientas Faltantes: <br>Herramientas Sobrantes: <br>Hora: <br>Hora del Reporte: <br>Mano de Obra Faltante: <br>Mano de Obra Sobrantes: <br>Medicamentos Faltantes: <br>Medicamentos Sobrantes: <br>Número Exterior  o Aproximado: <br>Número de Personas Atrapadas: <br>Número de Personas Desaparecidas: <br>Número de Personas Fallecidas: <br>Número de Personas Lesionadas: <br>Número de Personas Rescatadas: <br>Otra Referencia de Ubicación: <br>Tipo de Infraestructura: <br>Tipo de Uso: <br>Verificado: <br>Víveres Faltantes: <br>Víveres Sobrantes: <br>latitud: 17.05584526<br>longitud: -96.7251358",NA,NA,NA,NA,-1,0,-1,NA,NA,0,"Armenta Y L�_pez","",NA,"Oaxaca",NA,NA,NA,NA,NA,NA,NA,NA,NA,NA,NA,NA,NA,NA,NA,NA,NA,NA,NA,NA,NA,17.05584526,-96.7251358,"Armenta y López 711, OAX_RE_BENITO JUAREZ, Centro, Oaxaca, Oax., Mexico","Armenta y López","711","Centro",NA,"Oaxaca","Oaxaca","Mexico",17.05584526,-96.7251358
"-99.12324, 19.293062",-99.12324,19.293062,"Derrumbe","unnamed (1): 36<br>Calle: Narciso Mendoza        Av. las Trancas<br>Colonia: <br>Delegación: <br>Estado: CDMX<br>Foto: <br>Herramientas Faltantes: <br>Herramientas Sobrantes: <br>Hora: <br>Hora del Reporte: <br>Mano de Obra Faltante: <br>Mano de Obra Sobrantes: <br>Medicamentos Faltantes: <br>Medicamentos Sobrantes: <br>Número Exterior  o Aproximado: <br>Número de Personas Atrapadas: <br>Número de Personas Desaparecidas: <br>Número de Personas Fallecidas: <br>Número de Personas Lesionadas: <br>Número de Personas Rescatadas: <br>Otra Referencia de Ubicación: <br>Tipo de Infraestructura: <br>Tipo de Uso: <br>Verificado: <br>Víveres Faltantes: <br>Víveres Sobrantes: <br>latitud: 19.293062<br>longitud: -99.12324",NA,NA,NA,NA,-1,0,-1,NA,NA,36,"Narciso Mendoza        Av. las Trancas","",NA,"CDMX",NA,NA,NA,NA,NA,NA,NA,NA,NA,NA,NA,NA,NA,NA,NA,NA,NA,NA,NA,NA,NA,19.293062,-99.12324,"Av. las Trancas 34, Narciso Mendoza, 14390 U. Hab. Narciso Mendoza Super 6 Coapa, CDMX, Mexico","Avenida las Trancas","34","Narciso Mendoza",14390,"U. Hab. Narciso Mendoza Super 6 Coapa","Ciudad de México","Mexico",19.293062,-99.12324
"-99.135177, 19.283297",-99.135177,19.283297,"Derrumbe","unnamed (1): 35<br>Calle: Calle del Puente 222, Ejidos de Huipulco, San Bartolo el Chico, 14380 Tlalpan, CDMX<br>Colonia: <br>Delegación: <br>Estado: Cdmx<br>Foto: <br>Herramientas Faltantes: <br>Herramientas Sobrantes: <br>Hora: <br>Hora del Reporte: <br>Mano de Obra Faltante: <br>Mano de Obra Sobrantes: <br>Medicamentos Faltantes: <br>Medicamentos Sobrantes: <br>Número Exterior  o Aproximado: <br>Número de Personas Atrapadas: <br>Número de Personas Desaparecidas: <br>Número de Personas Fallecidas: <br>Número de Personas Lesionadas: <br>Número de Personas Rescatadas: <br>Otra Referencia de Ubicación: <br>Tipo de Infraestructura: <br>Tipo de Uso: <br>Verificado: <br>Víveres Faltantes: <br>Víveres Sobrantes: <br>latitud: 19.283297<br>longitud: -99.135177",NA,NA,NA,NA,-1,0,-1,NA,NA,35,"Calle del Puente 222, Ejidos de Huipulco, San Bartolo el Chico, 14380 Tlalpan, CDMX","",NA,"Cdmx",NA,NA,NA,NA,NA,NA,NA,NA,NA,NA,NA,NA,NA,NA,NA,NA,NA,NA,NA,NA,NA,19.283297,-99.135177,"Calle Puente 222, San Bartolo el Chico, 14380 Coyacán, CDMX, Mexico","Calle Puente","222","San Bartolo el Chico",14380,"Coyacán","Ciudad de México","Mexico",19.283297,-99.135177
"-99.141669, 19.438887",-99.141669,19.438887,"Derrumbe","unnamed (1): 22<br>Calle: Mina 16 Y 2 De Abril<br>Colonia: <br>Delegación: <br>Estado: Cdmx<br>Foto: <br>Herramientas Faltantes: <br>Herramientas Sobrantes: <br>Hora: <br>Hora del Reporte: <br>Mano de Obra Faltante: <br>Mano de Obra Sobrantes: <br>Medicamentos Faltantes: <br>Medicamentos Sobrantes: <br>Número Exterior  o Aproximado: <br>Número de Personas Atrapadas: <br>Número de Personas Desaparecidas: <br>Número de Personas Fallecidas: <br>Número de Personas Lesionadas: <br>Número de Personas Rescatadas: <br>Otra Referencia de Ubicación: <br>Tipo de Infraestructura: <br>Tipo de Uso: <br>Verificado: <br>Víveres Faltantes: <br>Víveres Sobrantes: <br>latitud: 19.438887<br>longitud: -99.141669",NA,NA,NA,NA,-1,0,-1,NA,NA,22,"Mina 16 Y 2 De Abril","",NA,"Cdmx",NA,NA,NA,NA,NA,NA,NA,NA,NA,NA,NA,NA,NA,NA,NA,NA,NA,NA,NA,NA,NA,19.438887,-99.141669,"Calle Mina 13, Centro Histórico, Guerrero, 06300 Jerez de García Salinas, CDMX, Mexico","Calle Mina","13","Guerrero",6300,"Jerez de García Salinas","Ciudad de México","Mexico",19.438887,-99.141669
"-99.166853, 19.398604",-99.166853,19.398604,"Derrumbe","unnamed (1): 4<br>Calle: Av Coyoacan Y Providencia<br>Colonia: <br>Delegación: <br>Estado: Cdmx<br>Foto: <br>Herramientas Faltantes: <br>Herramientas Sobrantes: <br>Hora: <br>Hora del Reporte: <br>Mano de Obra Faltante: <br>Mano de Obra Sobrantes: <br>Medicamentos Faltantes: <br>Medicamentos Sobrantes: <br>Número Exterior  o Aproximado: <br>Número de Personas Atrapadas: <br>Número de Personas Desaparecidas: <br>Número de Personas Fallecidas: <br>Número de Personas Lesionadas: <br>Número de Personas Rescatadas: <br>Otra Referencia de Ubicación: <br>Tipo de Infraestructura: <br>Tipo de Uso: <br>Verificado: <br>Víveres Faltantes: <br>Víveres Sobrantes: <br>latitud: 19.398604000000002<br>longitud: -99.166853",NA,NA,NA,NA,-1,0,-1,NA,NA,4,"Av Coyoacan Y Providencia","",NA,"Cdmx",NA,NA,NA,NA,NA,NA,NA,NA,NA,NA,NA,NA,NA,NA,NA,NA,NA,NA,NA,NA,NA,19.398604,-99.166853,"Calle Providencia 124, Col del Valle Nte, 03103 Del Valle Nte, CDMX, Mexico","Calle Providencia","124","Colonia del Valle Norte",3103,"Del Valle Norte","Ciudad de México","Mexico",19.398604,-99.166853
"-99.156062, 19.387366",-99.156062,19.387366,"Derrumbe","unnamed (1): 9<br>Calle: Yacatas Y Concepcion Beistegui<br>Colonia: <br>Delegación: <br>Estado: Cdmx<br>Foto: <br>Herramientas Faltantes: <br>Herramientas Sobrantes: <br>Hora: <br>Hora del Reporte: <br>Mano de Obra Faltante: <br>Mano de Obra Sobrantes: <br>Medicamentos Faltantes: <br>Medicamentos Sobrantes: <br>Número Exterior  o Aproximado: <br>Número de Personas Atrapadas: <br>Número de Personas Desaparecidas: <br>Número de Personas Fallecidas: <br>Número de Personas Lesionadas: <br>Número de Personas Rescatadas: <br>Otra Referencia de Ubicación: <br>Tipo de Infraestructura: <br>Tipo de Uso: <br>Verificado: <br>Víveres Faltantes: <br>Víveres Sobrantes: <br>latitud: 19.387366<br>longitud: -99.156062",NA,NA,NA,NA,-1,0,-1,NA,NA,9,"Yacatas Y Concepcion Beistegui","",NA,"Cdmx",NA,NA,NA,NA,NA,NA,NA,NA,NA,NA,NA,NA,NA,NA,NA,NA,NA,NA,NA,NA,NA,19.387366,-99.156062,"Calle Yacatas 378, Narvarte Poniente, 03020 Ciudad de México, CDMX, Mexico","Calle Yacatas","378","Narvarte Poniente",3020,"Benito Juárez","Ciudad de México","Mexico",19.387366,-99.156062
"-99.1586, 19.398892",-99.1586,19.398892,"Derrumbe","unnamed (1): 30<br>Calle: La Morena y Enrique Rebsamen<br>Colonia: Narvarte Poniente<br>Delegación: <br>Estado: Cdmx<br>Foto: <br>Herramientas Faltantes: <br>Herramientas Sobrantes: <br>Hora: <br>Hora del Reporte: <br>Mano de Obra Faltante: <br>Mano de Obra Sobrantes: <br>Medicamentos Faltantes: <br>Medicamentos Sobrantes: <br>Número Exterior  o Aproximado: <br>Número de Personas Atrapadas: <br>Número de Personas Desaparecidas: <br>Número de Personas Fallecidas: <br>Número de Personas Lesionadas: <br>Número de Personas Rescatadas: <br>Otra Referencia de Ubicación: <br>Tipo de Infraestructura: <br>Tipo de Uso: <br>Verificado: <br>Víveres Faltantes: <br>Víveres Sobrantes: <br>latitud: 19.398892<br>longitud: -99.1586",NA,NA,NA,NA,-1,0,-1,NA,NA,30,"La Morena y Enrique Rebsamen","Narvarte Poniente",NA,"Cdmx",NA,NA,NA,NA,NA,NA,NA,NA,NA,NA,NA,NA,NA,NA,NA,NA,NA,NA,NA,NA,NA,19.398892,-99.1586,"Enrique Rebsamen 242, Narvarte Poniente, 03020 Ciudad de México, CDMX, Mexico","Enrique Rebsamen","242","Narvarte Poniente",3020,"Benito Juárez","Ciudad de México","Mexico",19.398892,-99.1586
"-99.15941, 19.398836",-99.15941,19.398836,"Derrumbe","unnamed (1): 29<br>Calle: La Morena y Heriberto Frias<br>Colonia: Narvarte Poniente<br>Delegación: <br>Estado: Cdmx<br>Foto: <br>Herramientas Faltantes: <br>Herramientas Sobrantes: <br>Hora: <br>Hora del Reporte: <br>Mano de Obra Faltante: <br>Mano de Obra Sobrantes: <br>Medicamentos Faltantes: <br>Medicamentos Sobrantes: <br>Número Exterior  o Aproximado: <br>Número de Personas Atrapadas: <br>Número de Personas Desaparecidas: <br>Número de Personas Fallecidas: <br>Número de Personas Lesionadas: <br>Número de Personas Rescatadas: <br>Otra Referencia de Ubicación: <br>Tipo de Infraestructura: <br>Tipo de Uso: <br>Verificado: <br>Víveres Faltantes: <br>Víveres Sobrantes: <br>latitud: 19.398836<br>longitud: -99.15941",NA,NA,NA,NA,-1,0,-1,NA,NA,29,"La Morena y Heriberto Frias","Narvarte Poniente",NA,"Cdmx",NA,NA,NA,NA,NA,NA,NA,NA,NA,NA,NA,NA,NA,NA,NA,NA,NA,NA,NA,NA,NA,19.398836,-99.15941,"Heriberto Frías 247, Narvarte Poniente, 03020 Ciudad de México, CDMX, Mexico","Heriberto Frías","247","Narvarte Poniente",3020,"Benito Juárez","Ciudad de México","Mexico",19.398836,-99.15941
"-99.16245, 19.387305",-99.16245,19.387305,"Derrumbe","unnamed (1): 5<br>Calle: Escocia Y Nicolas<br>Colonia: <br>Delegación: <br>Estado: Cdmx<br>Foto: <br>Herramientas Faltantes: <br>Herramientas Sobrantes: <br>Hora: <br>Hora del Reporte: <br>Mano de Obra Faltante: <br>Mano de Obra Sobrantes: <br>Medicamentos Faltantes: <br>Medicamentos Sobrantes: <br>Número Exterior  o Aproximado: <br>Número de Personas Atrapadas: <br>Número de Personas Desaparecidas: <br>Número de Personas Fallecidas: <br>Número de Personas Lesionadas: <br>Número de Personas Rescatadas: <br>Otra Referencia de Ubicación: <br>Tipo de Infraestructura: <br>Tipo de Uso: <br>Verificado: <br>Víveres Faltantes: <br>Víveres Sobrantes: <br>latitud: 19.387304999999998<br>longitud: -99.16245",NA,NA,NA,NA,-1,0,-1,NA,NA,5,"Escocia Y Nicolas","",NA,"Cdmx",NA,NA,NA,NA,NA,NA,NA,NA,NA,NA,NA,NA,NA,NA,NA,NA,NA,NA,NA,NA,NA,19.387305,-99.16245,"Nicolás San Juan 832, Col del Valle Centro, 03100 Ciudad de México, CDMX, Mexico","Nicolás San Juan","832","Colonia del Valle Centro",3100,"Benito Juárez","Ciudad de México","Mexico",19.387305,-99.16245
"-99.16245, 19.387305",-99.16245,19.387305,"Derrumbe","unnamed (1): 5<br>Calle: Escocia Y Nicolas<br>Colonia: <br>Delegación: <br>Estado: Cdmx<br>Foto: <br>Herramientas Faltantes: <br>Herramientas Sobrantes: <br>Hora: <br>Hora del Reporte: <br>Mano de Obra Faltante: <br>Mano de Obra Sobrantes: <br>Medicamentos Faltantes: <br>Medicamentos Sobrantes: <br>Número Exterior  o Aproximado: <br>Número de Personas Atrapadas: <br>Número de Personas Desaparecidas: <br>Número de Personas Fallecidas: <br>Número de Personas Lesionadas: <br>Número de Personas Rescatadas: <br>Otra Referencia de Ubicación: <br>Tipo de Infraestructura: <br>Tipo de Uso: <br>Verificado: <br>Víveres Faltantes: <br>Víveres Sobrantes: <br>latitud: 19.387304999999998<br>longitud: -99.16245",NA,NA,NA,NA,-1,0,-1,NA,NA,5,"Escocia Y Nicolas","",NA,"Cdmx",NA,NA,NA,NA,NA,NA,NA,NA,NA,NA,NA,NA,NA,NA,NA,NA,NA,NA,NA,NA,NA,19.387305,-99.16245,"Nicolás San Juan 832, Col del Valle Centro, 03100 Ciudad de México, CDMX, Mexico","Nicolás San Juan","832","Colonia del Valle Centro",3100,"Benito Juárez","Ciudad de México","Mexico",19.387305,-99.16245
"-99.163642, 19.386598",-99.163642,19.386598,"Derrumbe","unnamed (1): 6<br>Calle: Eugenia Y Edinburgo<br>Colonia: <br>Delegación: <br>Estado: Cdmx<br>Foto: <br>Herramientas Faltantes: <br>Herramientas Sobrantes: <br>Hora: <br>Hora del Reporte: <br>Mano de Obra Faltante: <br>Mano de Obra Sobrantes: <br>Medicamentos Faltantes: <br>Medicamentos Sobrantes: <br>Número Exterior  o Aproximado: <br>Número de Personas Atrapadas: <br>Número de Personas Desaparecidas: <br>Número de Personas Fallecidas: <br>Número de Personas Lesionadas: <br>Número de Personas Rescatadas: <br>Otra Referencia de Ubicación: <br>Tipo de Infraestructura: <br>Tipo de Uso: <br>Verificado: <br>Víveres Faltantes: <br>Víveres Sobrantes: <br>latitud: 19.386598<br>longitud: -99.16364200000001",NA,NA,NA,NA,-1,0,-1,NA,NA,6,"Eugenia Y Edinburgo","",NA,"Cdmx",NA,NA,NA,NA,NA,NA,NA,NA,NA,NA,NA,NA,NA,NA,NA,NA,NA,NA,NA,NA,NA,19.386598,-99.163642,"Eugenia 914-916, Col del Valle Centro, 03100 Ciudad de México, CDMX, Mexico","Avenida Eugenia","914-916","Colonia del Valle Centro",3100,"Benito Juárez","Ciudad de México","Mexico",19.386598,-99.163642
"-99.163642, 19.386598",-99.163642,19.386598,"Derrumbe","unnamed (1): 6<br>Calle: Eugenia Y Edinburgo<br>Colonia: <br>Delegación: <br>Estado: Cdmx<br>Foto: <br>Herramientas Faltantes: <br>Herramientas Sobrantes: <br>Hora: <br>Hora del Reporte: <br>Mano de Obra Faltante: <br>Mano de Obra Sobrantes: <br>Medicamentos Faltantes: <br>Medicamentos Sobrantes: <br>Número Exterior  o Aproximado: <br>Número de Personas Atrapadas: <br>Número de Personas Desaparecidas: <br>Número de Personas Fallecidas: <br>Número de Personas Lesionadas: <br>Número de Personas Rescatadas: <br>Otra Referencia de Ubicación: <br>Tipo de Infraestructura: <br>Tipo de Uso: <br>Verificado: <br>Víveres Faltantes: <br>Víveres Sobrantes: <br>latitud: 19.386598<br>longitud: -99.16364200000001",NA,NA,NA,NA,-1,0,-1,NA,NA,6,"Eugenia Y Edinburgo","",NA,"Cdmx",NA,NA,NA,NA,NA,NA,NA,NA,NA,NA,NA,NA,NA,NA,NA,NA,NA,NA,NA,NA,NA,19.386598,-99.163642,"Eugenia 914-916, Col del Valle Centro, 03100 Ciudad de México, CDMX, Mexico","Avenida Eugenia","914-916","Colonia del Valle Centro",3100,"Benito Juárez","Ciudad de México","Mexico",19.386598,-99.163642
"-99.163825, 19.387547",-99.163825,19.387547,"Derrumbe","unnamed (1): 34<br>Calle: Calle Gabriel Mancera 740b<br>Colonia: <br>Delegación: <br>Estado: Cdmx<br>Foto: <br>Herramientas Faltantes: <br>Herramientas Sobrantes: <br>Hora: <br>Hora del Reporte: <br>Mano de Obra Faltante: <br>Mano de Obra Sobrantes: <br>Medicamentos Faltantes: <br>Medicamentos Sobrantes: <br>Número Exterior  o Aproximado: <br>Número de Personas Atrapadas: <br>Número de Personas Desaparecidas: <br>Número de Personas Fallecidas: <br>Número de Personas Lesionadas: <br>Número de Personas Rescatadas: <br>Otra Referencia de Ubicación: <br>Tipo de Infraestructura: <br>Tipo de Uso: <br>Verificado: <br>Víveres Faltantes: <br>Víveres Sobrantes: <br>latitud: 19.387547<br>longitud: -99.163825",NA,NA,NA,NA,-1,0,-1,NA,NA,34,"Calle Gabriel Mancera 740b","",NA,"Cdmx",NA,NA,NA,NA,NA,NA,NA,NA,NA,NA,NA,NA,NA,NA,NA,NA,NA,NA,NA,NA,NA,19.387547,-99.163825,"Calle Gabriel Mancera 740b, Col del Valle Centro, 03100 Ciudad de México, CDMX, Mexico","Calle Gabriel Mancera","740b","Colonia del Valle Centro",3100,"Benito Juárez","Ciudad de México","Mexico",19.387547,-99.163825
"-99.163825, 19.387547",-99.163825,19.387547,"Derrumbe","unnamed (1): 34<br>Calle: Calle Gabriel Mancera 740b<br>Colonia: <br>Delegación: <br>Estado: Cdmx<br>Foto: <br>Herramientas Faltantes: <br>Herramientas Sobrantes: <br>Hora: <br>Hora del Reporte: <br>Mano de Obra Faltante: <br>Mano de Obra Sobrantes: <br>Medicamentos Faltantes: <br>Medicamentos Sobrantes: <br>Número Exterior  o Aproximado: <br>Número de Personas Atrapadas: <br>Número de Personas Desaparecidas: <br>Número de Personas Fallecidas: <br>Número de Personas Lesionadas: <br>Número de Personas Rescatadas: <br>Otra Referencia de Ubicación: <br>Tipo de Infraestructura: <br>Tipo de Uso: <br>Verificado: <br>Víveres Faltantes: <br>Víveres Sobrantes: <br>latitud: 19.387547<br>longitud: -99.163825",NA,NA,NA,NA,-1,0,-1,NA,NA,34,"Calle Gabriel Mancera 740b","",NA,"Cdmx",NA,NA,NA,NA,NA,NA,NA,NA,NA,NA,NA,NA,NA,NA,NA,NA,NA,NA,NA,NA,NA,19.387547,-99.163825,"Calle Gabriel Mancera 740b, Col del Valle Centro, 03100 Ciudad de México, CDMX, Mexico","Calle Gabriel Mancera","740b","Colonia del Valle Centro",3100,"Benito Juárez","Ciudad de México","Mexico",19.387547,-99.163825
"-99.163934, 19.38766",-99.163934,19.38766,"Derrumbe","unnamed (1): 8<br>Calle: Gabriel Mancera Y Escocia<br>Colonia: <br>Delegación: <br>Estado: Cdmx<br>Foto: <br>Herramientas Faltantes: <br>Herramientas Sobrantes: <br>Hora: <br>Hora del Reporte: <br>Mano de Obra Faltante: <br>Mano de Obra Sobrantes: <br>Medicamentos Faltantes: <br>Medicamentos Sobrantes: <br>Número Exterior  o Aproximado: <br>Número de Personas Atrapadas: <br>Número de Personas Desaparecidas: <br>Número de Personas Fallecidas: <br>Número de Personas Lesionadas: <br>Número de Personas Rescatadas: <br>Otra Referencia de Ubicación: <br>Tipo de Infraestructura: <br>Tipo de Uso: <br>Verificado: <br>Víveres Faltantes: <br>Víveres Sobrantes: <br>latitud: 19.38766<br>longitud: -99.163934",NA,NA,NA,NA,-1,0,-1,NA,NA,8,"Gabriel Mancera Y Escocia","",NA,"Cdmx",NA,NA,NA,NA,NA,NA,NA,NA,NA,NA,NA,NA,NA,NA,NA,NA,NA,NA,NA,NA,NA,19.38766,-99.163934,"Calle Gabriel Mancera 740, Col del Valle Centro, 03100 Ciudad de México, CDMX, Mexico","Calle Gabriel Mancera","740","Colonia del Valle Centro",3100,"Benito Juárez","Ciudad de México","Mexico",19.38766,-99.163934
"-99.163934, 19.38766",-99.163934,19.38766,"Derrumbe","unnamed (1): 8<br>Calle: Gabriel Mancera Y Escocia<br>Colonia: <br>Delegación: <br>Estado: Cdmx<br>Foto: <br>Herramientas Faltantes: <br>Herramientas Sobrantes: <br>Hora: <br>Hora del Reporte: <br>Mano de Obra Faltante: <br>Mano de Obra Sobrantes: <br>Medicamentos Faltantes: <br>Medicamentos Sobrantes: <br>Número Exterior  o Aproximado: <br>Número de Personas Atrapadas: <br>Número de Personas Desaparecidas: <br>Número de Personas Fallecidas: <br>Número de Personas Lesionadas: <br>Número de Personas Rescatadas: <br>Otra Referencia de Ubicación: <br>Tipo de Infraestructura: <br>Tipo de Uso: <br>Verificado: <br>Víveres Faltantes: <br>Víveres Sobrantes: <br>latitud: 19.38766<br>longitud: -99.163934",NA,NA,NA,NA,-1,0,-1,NA,NA,8,"Gabriel Mancera Y Escocia","",NA,"Cdmx",NA,NA,NA,NA,NA,NA,NA,NA,NA,NA,NA,NA,NA,NA,NA,NA,NA,NA,NA,NA,NA,19.38766,-99.163934,"Calle Gabriel Mancera 740, Col del Valle Centro, 03100 Ciudad de México, CDMX, Mexico","Calle Gabriel Mancera","740","Colonia del Valle Centro",3100,"Benito Juárez","Ciudad de México","Mexico",19.38766,-99.163934
"-99.167903, 19.400198",-99.167903,19.400198,"Derrumbe","unnamed (1): 18<br>Calle: Viaducto Y Av Coyoacan<br>Colonia: <br>Delegación: <br>Estado: Cdmx<br>Foto: <br>Herramientas Faltantes: <br>Herramientas Sobrantes: <br>Hora: <br>Hora del Reporte: <br>Mano de Obra Faltante: <br>Mano de Obra Sobrantes: <br>Medicamentos Faltantes: <br>Medicamentos Sobrantes: <br>Número Exterior  o Aproximado: <br>Número de Personas Atrapadas: <br>Número de Personas Desaparecidas: <br>Número de Personas Fallecidas: <br>Número de Personas Lesionadas: <br>Número de Personas Rescatadas: <br>Otra Referencia de Ubicación: <br>Tipo de Infraestructura: <br>Tipo de Uso: <br>Verificado: <br>Víveres Faltantes: <br>Víveres Sobrantes: <br>latitud: 19.400198<br>longitud: -99.16790300000001",NA,NA,NA,NA,-1,0,-1,NA,NA,18,"Viaducto Y Av Coyoacan","",NA,"Cdmx",NA,NA,NA,NA,NA,NA,NA,NA,NA,NA,NA,NA,NA,NA,NA,NA,NA,NA,NA,NA,NA,19.400198,-99.167903,"Rafael Dondé 43, código 2, Col del Valle Nte, 03103 Ciudad de México, CDMX, Mexico","Rafael Dondé","43","Colonia del Valle Norte",3103,"Benito Juárez","Ciudad de México","Mexico",19.400198,-99.167903
"-99.156891, 19.366511",-99.156891,19.366511,"Derrumbe","unnamed (1): 7<br>Calle: Peten Y Zapata<br>Colonia: <br>Delegación: <br>Estado: Cdmx<br>Foto: <br>Herramientas Faltantes: <br>Herramientas Sobrantes: <br>Hora: <br>Hora del Reporte: <br>Mano de Obra Faltante: <br>Mano de Obra Sobrantes: <br>Medicamentos Faltantes: <br>Medicamentos Sobrantes: <br>Número Exterior  o Aproximado: <br>Número de Personas Atrapadas: <br>Número de Personas Desaparecidas: <br>Número de Personas Fallecidas: <br>Número de Personas Lesionadas: <br>Número de Personas Rescatadas: <br>Otra Referencia de Ubicación: <br>Tipo de Infraestructura: <br>Tipo de Uso: <br>Verificado: <br>Víveres Faltantes: <br>Víveres Sobrantes: <br>latitud: 19.366511<br>longitud: -99.156891",NA,NA,NA,NA,-1,0,-1,NA,NA,7,"Peten Y Zapata","",NA,"Cdmx",NA,NA,NA,NA,NA,NA,NA,NA,NA,NA,NA,NA,NA,NA,NA,NA,NA,NA,NA,NA,NA,19.366511,-99.156891,"Gral. Emiliano Zapata 277, Emperadores, 03320 Ciudad de México, CDMX, Mexico","General Emiliano Zapata","277","Emperadores",3320,"Benito Juárez","Ciudad de México","Mexico",19.366511,-99.156891
"-99.140568, 19.360722",-99.140568,19.360722,"Derrumbe","unnamed (1): 10<br>Calle: Balsas #18 Y Miravalle<br>Colonia: <br>Delegación: <br>Estado: Cdmx<br>Foto: <br>Herramientas Faltantes: <br>Herramientas Sobrantes: <br>Hora: <br>Hora del Reporte: <br>Mano de Obra Faltante: <br>Mano de Obra Sobrantes: <br>Medicamentos Faltantes: <br>Medicamentos Sobrantes: <br>Número Exterior  o Aproximado: <br>Número de Personas Atrapadas: <br>Número de Personas Desaparecidas: <br>Número de Personas Fallecidas: <br>Número de Personas Lesionadas: <br>Número de Personas Rescatadas: <br>Otra Referencia de Ubicación: <br>Tipo de Infraestructura: <br>Tipo de Uso: <br>Verificado: <br>Víveres Faltantes: <br>Víveres Sobrantes: <br>latitud: 19.360722<br>longitud: -99.140568",NA,NA,NA,NA,-1,0,-1,NA,NA,10,"Balsas #18 Y Miravalle","",NA,"Cdmx",NA,NA,NA,NA,NA,NA,NA,NA,NA,NA,NA,NA,NA,NA,NA,NA,NA,NA,NA,NA,NA,19.360722,-99.140568,"Miravalle 912, sineo, Miravalle, 03580 Ciudad de México, CDMX, Mexico","Miravalle","912","Miravalle",3580,"Benito Juárez","Ciudad de México","Mexico",19.360722,-99.140568
"-99.143292, 19.340871",-99.143292,19.340871,"Derrumbe","unnamed (1): 19<br>Calle: Tlalpan Fovissste Y Calz De Tlalpan<br>Colonia: <br>Delegación: <br>Estado: Cdmx<br>Foto: <br>Herramientas Faltantes: <br>Herramientas Sobrantes: <br>Hora: <br>Hora del Reporte: <br>Mano de Obra Faltante: <br>Mano de Obra Sobrantes: <br>Medicamentos Faltantes: <br>Medicamentos Sobrantes: <br>Número Exterior  o Aproximado: <br>Número de Personas Atrapadas: <br>Número de Personas Desaparecidas: <br>Número de Personas Fallecidas: <br>Número de Personas Lesionadas: <br>Número de Personas Rescatadas: <br>Otra Referencia de Ubicación: <br>Tipo de Infraestructura: <br>Tipo de Uso: <br>Verificado: <br>Víveres Faltantes: <br>Víveres Sobrantes: <br>latitud: 19.340871<br>longitud: -99.143292",NA,NA,NA,NA,-1,0,-1,NA,NA,19,"Tlalpan Fovissste Y Calz De Tlalpan","",NA,"Cdmx",NA,NA,NA,NA,NA,NA,NA,NA,NA,NA,NA,NA,NA,NA,NA,NA,NA,NA,NA,NA,NA,19.340871,-99.143292,"Calz. de Tlalpan 2132, Campestre Churubusco, 04200 Ciudad de México, CDMX, Mexico","Calzada de Tlalpan","2132","Campestre Churubusco",4200,"Coyoacán","Ciudad de México","Mexico",19.340871,-99.143292
"-99.124928, 19.329427",-99.124928,19.329427,"Derrumbe","unnamed (1): 15<br>Calle: Av San Ana Y Ejido Santa Cruz<br>Colonia: Col. San Francisco Culhuac��n<br>Delegación: <br>Estado: Cdmx<br>Foto: <br>Herramientas Faltantes: <br>Herramientas Sobrantes: <br>Hora: <br>Hora del Reporte: <br>Mano de Obra Faltante: <br>Mano de Obra Sobrantes: <br>Medicamentos Faltantes: <br>Medicamentos Sobrantes: <br>Número Exterior  o Aproximado: <br>Número de Personas Atrapadas: <br>Número de Personas Desaparecidas: <br>Número de Personas Fallecidas: <br>Número de Personas Lesionadas: <br>Número de Personas Rescatadas: <br>Otra Referencia de Ubicación: <br>Tipo de Infraestructura: <br>Tipo de Uso: <br>Verificado: <br>Víveres Faltantes: <br>Víveres Sobrantes: <br>latitud: 19.329427<br>longitud: -99.124928",NA,NA,NA,NA,-1,0,-1,NA,NA,15,"Av San Ana Y Ejido Santa Cruz","Col. San Francisco Culhuac��n",NA,"Cdmx",NA,NA,NA,NA,NA,NA,NA,NA,NA,NA,NA,NA,NA,NA,NA,NA,NA,NA,NA,NA,NA,19.329427,-99.124928,"Avenida Santa Ana 308, Ex-Ejido de San Francisco Culhuacan, 04470 Ciudad de México, CDMX, Mexico","Avenida Santa Ana","308","Ex-Ejido de San Francisco Culhuacan",4470,"Coyoacán","Ciudad de México","Mexico",19.329427,-99.124928
"-99.124928, 19.329427",-99.124928,19.329427,"Derrumbe","unnamed (1): 15<br>Calle: Av San Ana Y Ejido Santa Cruz<br>Colonia: Col. San Francisco Culhuac��n<br>Delegación: <br>Estado: Cdmx<br>Foto: <br>Herramientas Faltantes: <br>Herramientas Sobrantes: <br>Hora: <br>Hora del Reporte: <br>Mano de Obra Faltante: <br>Mano de Obra Sobrantes: <br>Medicamentos Faltantes: <br>Medicamentos Sobrantes: <br>Número Exterior  o Aproximado: <br>Número de Personas Atrapadas: <br>Número de Personas Desaparecidas: <br>Número de Personas Fallecidas: <br>Número de Personas Lesionadas: <br>Número de Personas Rescatadas: <br>Otra Referencia de Ubicación: <br>Tipo de Infraestructura: <br>Tipo de Uso: <br>Verificado: <br>Víveres Faltantes: <br>Víveres Sobrantes: <br>latitud: 19.329427<br>longitud: -99.124928",NA,NA,NA,NA,-1,0,-1,NA,NA,15,"Av San Ana Y Ejido Santa Cruz","Col. San Francisco Culhuac��n",NA,"Cdmx",NA,NA,NA,NA,NA,NA,NA,NA,NA,NA,NA,NA,NA,NA,NA,NA,NA,NA,NA,NA,NA,19.329427,-99.124928,"Avenida Santa Ana 308, Ex-Ejido de San Francisco Culhuacan, 04470 Ciudad de México, CDMX, Mexico","Avenida Santa Ana","308","Ex-Ejido de San Francisco Culhuacan",4470,"Coyoacán","Ciudad de México","Mexico",19.329427,-99.124928
"-99.109938, 19.316634",-99.109938,19.316634,"Derrumbe","unnamed (1): 14<br>Calle: 10 De Abril Y Anenecuilco<br>Colonia: <br>Delegación: <br>Estado: Cdmx<br>Foto: <br>Herramientas Faltantes: <br>Herramientas Sobrantes: <br>Hora: <br>Hora del Reporte: <br>Mano de Obra Faltante: <br>Mano de Obra Sobrantes: <br>Medicamentos Faltantes: <br>Medicamentos Sobrantes: <br>Número Exterior  o Aproximado: <br>Número de Personas Atrapadas: <br>Número de Personas Desaparecidas: <br>Número de Personas Fallecidas: <br>Número de Personas Lesionadas: <br>Número de Personas Rescatadas: <br>Otra Referencia de Ubicación: <br>Tipo de Infraestructura: <br>Tipo de Uso: <br>Verificado: <br>Víveres Faltantes: <br>Víveres Sobrantes: <br>latitud: 19.316634<br>longitud: -99.109938",NA,NA,NA,NA,-1,0,-1,NA,NA,14,"10 De Abril Y Anenecuilco","",NA,"Cdmx",NA,NA,NA,NA,NA,NA,NA,NA,NA,NA,NA,NA,NA,NA,NA,NA,NA,NA,NA,NA,NA,19.316634,-99.109938,"Anenecuilco 46, Coyoacán, 04919 Ciudad de México, CDMX, Mexico","Anenecuilco","46","Coyoacán",4919,"Coyoacán","Ciudad de México","Mexico",19.316634,-99.109938
"-99.12299, 19.303344",-99.12299,19.303344,"Derrumbe","unnamed (1): 17<br>Calle: Rancho De Los Arcos Y Calz Del Hueso<br>Colonia: <br>Delegación: <br>Estado: Cdmx<br>Foto: <br>Herramientas Faltantes: <br>Herramientas Sobrantes: <br>Hora: <br>Hora del Reporte: <br>Mano de Obra Faltante: <br>Mano de Obra Sobrantes: <br>Medicamentos Faltantes: <br>Medicamentos Sobrantes: <br>Número Exterior  o Aproximado: <br>Número de Personas Atrapadas: <br>Número de Personas Desaparecidas: <br>Número de Personas Fallecidas: <br>Número de Personas Lesionadas: <br>Número de Personas Rescatadas: <br>Otra Referencia de Ubicación: <br>Tipo de Infraestructura: <br>Tipo de Uso: <br>Verificado: <br>Víveres Faltantes: <br>Víveres Sobrantes: <br>latitud: 19.303344<br>longitud: -99.12299",NA,NA,NA,NA,-1,0,-1,NA,NA,17,"Rancho De Los Arcos Y Calz Del Hueso","",NA,"Cdmx",NA,NA,NA,NA,NA,NA,NA,NA,NA,NA,NA,NA,NA,NA,NA,NA,NA,NA,NA,NA,NA,19.303344,-99.12299,"Calz. del Hueso 550B, Girasoles I, 04920 Ciudad de México, CDMX, Mexico","Calzada del Hueso","550B","Girasoles I",4920,"Coyoacán","Ciudad de México","Mexico",19.303344,-99.12299
"-99.140019, 19.422269",-99.140019,19.422269,"Derrumbe","unnamed (1): 24<br>Calle: Chimalpopoca Y Sim�_n Bol�_var<br>Colonia: <br>Delegación: <br>Estado: Cdmx<br>Foto: <br>Herramientas Faltantes: <br>Herramientas Sobrantes: <br>Hora: <br>Hora del Reporte: <br>Mano de Obra Faltante: <br>Mano de Obra Sobrantes: <br>Medicamentos Faltantes: <br>Medicamentos Sobrantes: <br>Número Exterior  o Aproximado: <br>Número de Personas Atrapadas: <br>Número de Personas Desaparecidas: <br>Número de Personas Fallecidas: <br>Número de Personas Lesionadas: <br>Número de Personas Rescatadas: <br>Otra Referencia de Ubicación: <br>Tipo de Infraestructura: <br>Tipo de Uso: <br>Verificado: <br>Víveres Faltantes: <br>Víveres Sobrantes: <br>latitud: 19.422269<br>longitud: -99.140019",NA,NA,NA,NA,-1,0,-1,NA,NA,24,"Chimalpopoca Y Sim�_n Bol�_var","",NA,"Cdmx",NA,NA,NA,NA,NA,NA,NA,NA,NA,NA,NA,NA,NA,NA,NA,NA,NA,NA,NA,NA,NA,19.422269,-99.140019,"Chimalpopoca 65, Centro, 06080 Ciudad de México, CDMX, Mexico","Chimalpopoca","65","Centro",6080,"Cuauhtémoc","Ciudad de México","Mexico",19.422269,-99.140019
"-99.170106, 19.414317",-99.170106,19.414317,"Derrumbe","unnamed (1): 23<br>Calle: Laredo Y Amsterdam<br>Colonia: <br>Delegación: <br>Estado: Cdmx<br>Foto: <br>Herramientas Faltantes: <br>Herramientas Sobrantes: <br>Hora: <br>Hora del Reporte: <br>Mano de Obra Faltante: <br>Mano de Obra Sobrantes: <br>Medicamentos Faltantes: <br>Medicamentos Sobrantes: <br>Número Exterior  o Aproximado: <br>Número de Personas Atrapadas: <br>Número de Personas Desaparecidas: <br>Número de Personas Fallecidas: <br>Número de Personas Lesionadas: <br>Número de Personas Rescatadas: <br>Otra Referencia de Ubicación: <br>Tipo de Infraestructura: <br>Tipo de Uso: <br>Verificado: <br>Víveres Faltantes: <br>Víveres Sobrantes: <br>latitud: 19.414317<br>longitud: -99.170106",NA,NA,NA,NA,-1,0,-1,NA,NA,23,"Laredo Y Amsterdam","",NA,"Cdmx",NA,NA,NA,NA,NA,NA,NA,NA,NA,NA,NA,NA,NA,NA,NA,NA,NA,NA,NA,NA,NA,19.414317,-99.170106,"Av. Parras 9, Hipódromo, 06100 Ciudad de México, CDMX, Mexico","Avenida Parras","9","Hipódromo",6100,"Cuauhtémoc","Ciudad de México","Mexico",19.414317,-99.170106
"-99.135075, 19.445171",-99.135075,19.445171,"Derrumbe","unnamed (1): 20<br>Calle: Comonfort Y Jaime Nuno<br>Colonia: <br>Delegación: <br>Estado: Cdmx<br>Foto: <br>Herramientas Faltantes: <br>Herramientas Sobrantes: <br>Hora: <br>Hora del Reporte: <br>Mano de Obra Faltante: <br>Mano de Obra Sobrantes: <br>Medicamentos Faltantes: <br>Medicamentos Sobrantes: <br>Número Exterior  o Aproximado: <br>Número de Personas Atrapadas: <br>Número de Personas Desaparecidas: <br>Número de Personas Fallecidas: <br>Número de Personas Lesionadas: <br>Número de Personas Rescatadas: <br>Otra Referencia de Ubicación: <br>Tipo de Infraestructura: <br>Tipo de Uso: <br>Verificado: <br>Víveres Faltantes: <br>Víveres Sobrantes: <br>latitud: 19.445171<br>longitud: -99.135075",NA,NA,NA,NA,-1,0,-1,NA,NA,20,"Comonfort Y Jaime Nuno","",NA,"Cdmx",NA,NA,NA,NA,NA,NA,NA,NA,NA,NA,NA,NA,NA,NA,NA,NA,NA,NA,NA,NA,NA,19.445171,-99.135075,"Calle Comonfort 47-57, Morelos, 06200 Ciudad de México, CDMX, Mexico","Calle Comonfort","47-57","Morelos",6200,"Cuauhtémoc","Ciudad de México","Mexico",19.445171,-99.135075
"-99.135279, 19.445279",-99.135279,19.445279,"Derrumbe","unnamed (1): 37<br>Calle: Comonfort 48<br>Colonia: <br>Delegación: <br>Estado: Morelos<br>Foto: <br>Herramientas Faltantes: <br>Herramientas Sobrantes: <br>Hora: <br>Hora del Reporte: <br>Mano de Obra Faltante: <br>Mano de Obra Sobrantes: <br>Medicamentos Faltantes: <br>Medicamentos Sobrantes: <br>Número Exterior  o Aproximado: <br>Número de Personas Atrapadas: <br>Número de Personas Desaparecidas: <br>Número de Personas Fallecidas: <br>Número de Personas Lesionadas: <br>Número de Personas Rescatadas: <br>Otra Referencia de Ubicación: <br>Tipo de Infraestructura: <br>Tipo de Uso: <br>Verificado: <br>Víveres Faltantes: <br>Víveres Sobrantes: <br>latitud: 19.445279<br>longitud: -99.135279",NA,NA,NA,NA,-1,0,-1,NA,NA,37,"Comonfort 48","",NA,"Morelos",NA,NA,NA,NA,NA,NA,NA,NA,NA,NA,NA,NA,NA,NA,NA,NA,NA,NA,NA,NA,NA,19.445279,-99.135279,"Calle Comonfort 48, Lagunilla, Morelos, 06200 Ciudad de México, CDMX, Mexico","Calle Comonfort","48","Morelos",6200,"Cuauhtémoc","Ciudad de México","Mexico",19.445279,-99.135279
"-99.142839, 19.442598",-99.142839,19.442598,"Derrumbe","unnamed (1): 21<br>Calle: Lerdo Y Magnolia<br>Colonia: <br>Delegación: <br>Estado: Cdmx<br>Foto: <br>Herramientas Faltantes: <br>Herramientas Sobrantes: <br>Hora: <br>Hora del Reporte: <br>Mano de Obra Faltante: <br>Mano de Obra Sobrantes: <br>Medicamentos Faltantes: <br>Medicamentos Sobrantes: <br>Número Exterior  o Aproximado: <br>Número de Personas Atrapadas: <br>Número de Personas Desaparecidas: <br>Número de Personas Fallecidas: <br>Número de Personas Lesionadas: <br>Número de Personas Rescatadas: <br>Otra Referencia de Ubicación: <br>Tipo de Infraestructura: <br>Tipo de Uso: <br>Verificado: <br>Víveres Faltantes: <br>Víveres Sobrantes: <br>latitud: 19.442598<br>longitud: -99.142839",NA,NA,NA,NA,-1,0,-1,NA,NA,21,"Lerdo Y Magnolia","",NA,"Cdmx",NA,NA,NA,NA,NA,NA,NA,NA,NA,NA,NA,NA,NA,NA,NA,NA,NA,NA,NA,NA,NA,19.442598,-99.142839,"Magnolia 61, Guerrero, 06300 Ciudad de México, CDMX, Mexico","Magnolia","61","Guerrero",6300,"Cuauhtémoc","Ciudad de México","Mexico",19.442598,-99.142839
"-99.166064, 19.417854",-99.166064,19.417854,"Derrumbe","unnamed (1): 25<br>Calle: Tabasco Y Medell�_n<br>Colonia: <br>Delegación: <br>Estado: Cdmx<br>Foto: <br>Herramientas Faltantes: <br>Herramientas Sobrantes: <br>Hora: <br>Hora del Reporte: <br>Mano de Obra Faltante: <br>Mano de Obra Sobrantes: <br>Medicamentos Faltantes: <br>Medicamentos Sobrantes: <br>Número Exterior  o Aproximado: <br>Número de Personas Atrapadas: <br>Número de Personas Desaparecidas: <br>Número de Personas Fallecidas: <br>Número de Personas Lesionadas: <br>Número de Personas Rescatadas: <br>Otra Referencia de Ubicación: <br>Tipo de Infraestructura: <br>Tipo de Uso: <br>Verificado: <br>Víveres Faltantes: <br>Víveres Sobrantes: <br>latitud: 19.417854000000002<br>longitud: -99.166064",NA,NA,NA,NA,-1,0,-1,NA,NA,25,"Tabasco Y Medell�_n","",NA,"Cdmx",NA,NA,NA,NA,NA,NA,NA,NA,NA,NA,NA,NA,NA,NA,NA,NA,NA,NA,NA,NA,NA,19.417854,-99.166064,"Medellín 78, Roma Nte., 06700 Ciudad de México, CDMX, Mexico","Medellín","78","Roma Norte",6700,"Cuauhtémoc","Ciudad de México","Mexico",19.417854,-99.166064
"-99.167314, 19.416907",-99.167314,19.416907,"Derrumbe","unnamed (1): 28<br>Calle: Alvaro Obreg�_n Y Valladolid<br>Colonia: <br>Delegación: <br>Estado: Cdmx<br>Foto: <br>Herramientas Faltantes: <br>Herramientas Sobrantes: <br>Hora: <br>Hora del Reporte: <br>Mano de Obra Faltante: <br>Mano de Obra Sobrantes: <br>Medicamentos Faltantes: <br>Medicamentos Sobrantes: <br>Número Exterior  o Aproximado: <br>Número de Personas Atrapadas: <br>Número de Personas Desaparecidas: <br>Número de Personas Fallecidas: <br>Número de Personas Lesionadas: <br>Número de Personas Rescatadas: <br>Otra Referencia de Ubicación: <br>Tipo de Infraestructura: <br>Tipo de Uso: <br>Verificado: <br>Víveres Faltantes: <br>Víveres Sobrantes: <br>latitud: 19.416907000000002<br>longitud: -99.167314",NA,NA,NA,NA,-1,0,-1,NA,NA,28,"Alvaro Obreg�_n Y Valladolid","",NA,"Cdmx",NA,NA,NA,NA,NA,NA,NA,NA,NA,NA,NA,NA,NA,NA,NA,NA,NA,NA,NA,NA,NA,19.416907,-99.167314,"Av. Álvaro Obregón 269, Roma Nte., 06700 Ciudad de México, CDMX, Mexico","Avenida Álvaro Obregón","269","Roma Norte",6700,"Cuauhtémoc","Ciudad de México","Mexico",19.416907,-99.167314
"-99.169041, 19.417036",-99.169041,19.417036,"Derrumbe","unnamed (1): 26<br>Calle: Salamanca Esquina Oaxaca<br>Colonia: <br>Delegación: <br>Estado: Cdmx<br>Foto: <br>Herramientas Faltantes: <br>Herramientas Sobrantes: <br>Hora: <br>Hora del Reporte: <br>Mano de Obra Faltante: <br>Mano de Obra Sobrantes: <br>Medicamentos Faltantes: <br>Medicamentos Sobrantes: <br>Número Exterior  o Aproximado: <br>Número de Personas Atrapadas: <br>Número de Personas Desaparecidas: <br>Número de Personas Fallecidas: <br>Número de Personas Lesionadas: <br>Número de Personas Rescatadas: <br>Otra Referencia de Ubicación: <br>Tipo de Infraestructura: <br>Tipo de Uso: <br>Verificado: <br>Víveres Faltantes: <br>Víveres Sobrantes: <br>latitud: 19.417036<br>longitud: -99.169041",NA,NA,NA,NA,-1,0,-1,NA,NA,26,"Salamanca Esquina Oaxaca","",NA,"Cdmx",NA,NA,NA,NA,NA,NA,NA,NA,NA,NA,NA,NA,NA,NA,NA,NA,NA,NA,NA,NA,NA,19.417036,-99.169041,"Calle Salamanca 1655, Roma Nte., 06700 Ciudad de México, CDMX, Mexico","Calle Salamanca","1655","Roma Norte",6700,"Cuauhtémoc","Ciudad de México","Mexico",19.417036,-99.169041
"-99.170059, 19.421016",-99.170059,19.421016,"Derrumbe","unnamed (1): 27<br>Calle: Puebla 282 Esq Salamanca<br>Colonia: <br>Delegación: <br>Estado: Cdmx<br>Foto: <br>Herramientas Faltantes: <br>Herramientas Sobrantes: <br>Hora: <br>Hora del Reporte: <br>Mano de Obra Faltante: <br>Mano de Obra Sobrantes: <br>Medicamentos Faltantes: <br>Medicamentos Sobrantes: <br>Número Exterior  o Aproximado: <br>Número de Personas Atrapadas: <br>Número de Personas Desaparecidas: <br>Número de Personas Fallecidas: <br>Número de Personas Lesionadas: <br>Número de Personas Rescatadas: <br>Otra Referencia de Ubicación: <br>Tipo de Infraestructura: <br>Tipo de Uso: <br>Verificado: <br>Víveres Faltantes: <br>Víveres Sobrantes: <br>latitud: 19.421016<br>longitud: -99.170059",NA,NA,NA,NA,-1,0,-1,NA,NA,27,"Puebla 282 Esq Salamanca","",NA,"Cdmx",NA,NA,NA,NA,NA,NA,NA,NA,NA,NA,NA,NA,NA,NA,NA,NA,NA,NA,NA,NA,NA,19.421016,-99.170059,"Puebla 300, Roma Nte., 06700 Ciudad de México, CDMX, Mexico","Puebla","300","Roma Norte",6700,"Cuauhtémoc","Ciudad de México","Mexico",19.421016,-99.170059
"-99.121961, 19.357629",-99.121961,19.357629,"Derrumbe","unnamed (1): 13<br>Calle: Ermita Iztapalapa Y Calzada Dla Viga<br>Colonia: <br>Delegación: <br>Estado: Cdmx<br>Foto: <br>Herramientas Faltantes: <br>Herramientas Sobrantes: <br>Hora: <br>Hora del Reporte: <br>Mano de Obra Faltante: <br>Mano de Obra Sobrantes: <br>Medicamentos Faltantes: <br>Medicamentos Sobrantes: <br>Número Exterior  o Aproximado: <br>Número de Personas Atrapadas: <br>Número de Personas Desaparecidas: <br>Número de Personas Fallecidas: <br>Número de Personas Lesionadas: <br>Número de Personas Rescatadas: <br>Otra Referencia de Ubicación: <br>Tipo de Infraestructura: <br>Tipo de Uso: <br>Verificado: <br>Víveres Faltantes: <br>Víveres Sobrantes: <br>latitud: 19.357629<br>longitud: -99.121961",NA,NA,NA,NA,-1,0,-1,NA,NA,13,"Ermita Iztapalapa Y Calzada Dla Viga","",NA,"Cdmx",NA,NA,NA,NA,NA,NA,NA,NA,NA,NA,NA,NA,NA,NA,NA,NA,NA,NA,NA,NA,NA,19.357629,-99.121961,"Calz. de la Viga 159, Mexicaltzingo, 09099 Ciudad de México, CDMX, Mexico","Calzada de la Viga","159","Mexicaltzingo",9099,"Iztapalapa","Ciudad de México","Mexico",19.357629,-99.121961
"-99.09726, 19.32238",-99.09726,19.32238,"Derrumbe","unnamed (1): 12<br>Calle: Paseo De Las Galias  Y Av Tlahuac<br>Colonia: <br>Delegación: <br>Estado: Cdmx<br>Foto: <br>Herramientas Faltantes: <br>Herramientas Sobrantes: <br>Hora: <br>Hora del Reporte: <br>Mano de Obra Faltante: <br>Mano de Obra Sobrantes: <br>Medicamentos Faltantes: <br>Medicamentos Sobrantes: <br>Número Exterior  o Aproximado: <br>Número de Personas Atrapadas: <br>Número de Personas Desaparecidas: <br>Número de Personas Fallecidas: <br>Número de Personas Lesionadas: <br>Número de Personas Rescatadas: <br>Otra Referencia de Ubicación: <br>Tipo de Infraestructura: <br>Tipo de Uso: <br>Verificado: <br>Víveres Faltantes: <br>Víveres Sobrantes: <br>latitud: 19.32238<br>longitud: -99.09725999999999",NA,NA,NA,NA,-1,0,-1,NA,NA,12,"Paseo De Las Galias  Y Av Tlahuac","",NA,"Cdmx",NA,NA,NA,NA,NA,NA,NA,NA,NA,NA,NA,NA,NA,NA,NA,NA,NA,NA,NA,NA,NA,19.32238,-99.09726,"Paseo de Las Galias 19, Lomas Estrella 2da Secc, 09890 Ciudad de México, CDMX, Mexico","Paseo de Las Galias","19","Lomas Estrella 2da Sección",9890,"Iztapalapa","Ciudad de México","Mexico",19.32238,-99.09726
"-99.174397, 19.442443",-99.174397,19.442443,"Derrumbe","unnamed (1): 3<br>Calle: Laguna De Terminos Y Lago Cultezeo<br>Colonia: <br>Delegación: <br>Estado: Cdmx<br>Foto: <br>Herramientas Faltantes: <br>Herramientas Sobrantes: <br>Hora: <br>Hora del Reporte: <br>Mano de Obra Faltante: <br>Mano de Obra Sobrantes: <br>Medicamentos Faltantes: <br>Medicamentos Sobrantes: <br>Número Exterior  o Aproximado: <br>Número de Personas Atrapadas: <br>Número de Personas Desaparecidas: <br>Número de Personas Fallecidas: <br>Número de Personas Lesionadas: <br>Número de Personas Rescatadas: <br>Otra Referencia de Ubicación: <br>Tipo de Infraestructura: <br>Tipo de Uso: <br>Verificado: <br>Víveres Faltantes: <br>Víveres Sobrantes: <br>latitud: 19.442443<br>longitud: -99.174397",NA,NA,NA,NA,-1,0,-1,NA,NA,3,"Laguna De Terminos Y Lago Cultezeo","",NA,"Cdmx",NA,NA,NA,NA,NA,NA,NA,NA,NA,NA,NA,NA,NA,NA,NA,NA,NA,NA,NA,NA,NA,19.442443,-99.174397,"Lago Cuitzeo 187, Anáhuac I Secc., Anáhuac I Secc, 11320 Ciudad de México, CDMX, Mexico","Lago Cuitzeo","187","Anáhuac I Sección",11320,"Miguel Hidalgo","Ciudad de México","Mexico",19.442443,-99.174397
"-99.174397, 19.442443",-99.174397,19.442443,"Derrumbe","unnamed (1): 3<br>Calle: Laguna De Terminos Y Lago Cultezeo<br>Colonia: <br>Delegación: <br>Estado: Cdmx<br>Foto: <br>Herramientas Faltantes: <br>Herramientas Sobrantes: <br>Hora: <br>Hora del Reporte: <br>Mano de Obra Faltante: <br>Mano de Obra Sobrantes: <br>Medicamentos Faltantes: <br>Medicamentos Sobrantes: <br>Número Exterior  o Aproximado: <br>Número de Personas Atrapadas: <br>Número de Personas Desaparecidas: <br>Número de Personas Fallecidas: <br>Número de Personas Lesionadas: <br>Número de Personas Rescatadas: <br>Otra Referencia de Ubicación: <br>Tipo de Infraestructura: <br>Tipo de Uso: <br>Verificado: <br>Víveres Faltantes: <br>Víveres Sobrantes: <br>latitud: 19.442443<br>longitud: -99.174397",NA,NA,NA,NA,-1,0,-1,NA,NA,3,"Laguna De Terminos Y Lago Cultezeo","",NA,"Cdmx",NA,NA,NA,NA,NA,NA,NA,NA,NA,NA,NA,NA,NA,NA,NA,NA,NA,NA,NA,NA,NA,19.442443,-99.174397,"Lago Cuitzeo 187, Anáhuac I Secc., Anáhuac I Secc, 11320 Ciudad de México, CDMX, Mexico","Lago Cuitzeo","187","Anáhuac I Sección",11320,"Miguel Hidalgo","Ciudad de México","Mexico",19.442443,-99.174397
"-99.13058, 19.296608",-99.13058,19.296608,"Derrumbe","unnamed (1): 11<br>Calle: Calz De Las Brujas Y Division Del Norte<br>Colonia: <br>Delegación: <br>Estado: Cdmx<br>Foto: <br>Herramientas Faltantes: <br>Herramientas Sobrantes: <br>Hora: <br>Hora del Reporte: <br>Mano de Obra Faltante: <br>Mano de Obra Sobrantes: <br>Medicamentos Faltantes: <br>Medicamentos Sobrantes: <br>Número Exterior  o Aproximado: <br>Número de Personas Atrapadas: <br>Número de Personas Desaparecidas: <br>Número de Personas Fallecidas: <br>Número de Personas Lesionadas: <br>Número de Personas Rescatadas: <br>Otra Referencia de Ubicación: <br>Tipo de Infraestructura: <br>Tipo de Uso: <br>Verificado: <br>Víveres Faltantes: <br>Víveres Sobrantes: <br>latitud: 19.296608<br>longitud: -99.13058000000001",NA,NA,NA,NA,-1,0,-1,NA,NA,11,"Calz De Las Brujas Y Division Del Norte","",NA,"Cdmx",NA,NA,NA,NA,NA,NA,NA,NA,NA,NA,NA,NA,NA,NA,NA,NA,NA,NA,NA,NA,NA,19.296608,-99.13058,"Calz de las Brujas 36, Equipamiento Plaza Coapa, 14300 Ciudad de México, CDMX, Mexico","Calzada de las Brujas","36","Equipamiento Plaza Coapa",14300,"Tlalpan","Ciudad de México","Mexico",19.296608,-99.13058
"-99.13058, 19.296608",-99.13058,19.296608,"Derrumbe","unnamed (1): 11<br>Calle: Calz De Las Brujas Y Division Del Norte<br>Colonia: <br>Delegación: <br>Estado: Cdmx<br>Foto: <br>Herramientas Faltantes: <br>Herramientas Sobrantes: <br>Hora: <br>Hora del Reporte: <br>Mano de Obra Faltante: <br>Mano de Obra Sobrantes: <br>Medicamentos Faltantes: <br>Medicamentos Sobrantes: <br>Número Exterior  o Aproximado: <br>Número de Personas Atrapadas: <br>Número de Personas Desaparecidas: <br>Número de Personas Fallecidas: <br>Número de Personas Lesionadas: <br>Número de Personas Rescatadas: <br>Otra Referencia de Ubicación: <br>Tipo de Infraestructura: <br>Tipo de Uso: <br>Verificado: <br>Víveres Faltantes: <br>Víveres Sobrantes: <br>latitud: 19.296608<br>longitud: -99.13058000000001",NA,NA,NA,NA,-1,0,-1,NA,NA,11,"Calz De Las Brujas Y Division Del Norte","",NA,"Cdmx",NA,NA,NA,NA,NA,NA,NA,NA,NA,NA,NA,NA,NA,NA,NA,NA,NA,NA,NA,NA,NA,19.296608,-99.13058,"Calz de las Brujas 36, Equipamiento Plaza Coapa, 14300 Ciudad de México, CDMX, Mexico","Calzada de las Brujas","36","Equipamiento Plaza Coapa",14300,"Tlalpan","Ciudad de México","Mexico",19.296608,-99.13058
"-99.13058, 19.296608",-99.13058,19.296608,"Derrumbe","unnamed (1): 11<br>Calle: Calz De Las Brujas Y Division Del Norte<br>Colonia: <br>Delegación: <br>Estado: Cdmx<br>Foto: <br>Herramientas Faltantes: <br>Herramientas Sobrantes: <br>Hora: <br>Hora del Reporte: <br>Mano de Obra Faltante: <br>Mano de Obra Sobrantes: <br>Medicamentos Faltantes: <br>Medicamentos Sobrantes: <br>Número Exterior  o Aproximado: <br>Número de Personas Atrapadas: <br>Número de Personas Desaparecidas: <br>Número de Personas Fallecidas: <br>Número de Personas Lesionadas: <br>Número de Personas Rescatadas: <br>Otra Referencia de Ubicación: <br>Tipo de Infraestructura: <br>Tipo de Uso: <br>Verificado: <br>Víveres Faltantes: <br>Víveres Sobrantes: <br>latitud: 19.296608<br>longitud: -99.13058000000001",NA,NA,NA,NA,-1,0,-1,NA,NA,11,"Calz De Las Brujas Y Division Del Norte","",NA,"Cdmx",NA,NA,NA,NA,NA,NA,NA,NA,NA,NA,NA,NA,NA,NA,NA,NA,NA,NA,NA,NA,NA,19.296608,-99.13058,"Calz de las Brujas 36, Equipamiento Plaza Coapa, 14300 Ciudad de México, CDMX, Mexico","Calzada de las Brujas","36","Equipamiento Plaza Coapa",14300,"Tlalpan","Ciudad de México","Mexico",19.296608,-99.13058
"-99.111725, 19.294597",-99.111725,19.294597,"Derrumbe","unnamed (1): 38<br>Calle: Barrio 18        Ca̱averales        <br>Colonia: <br>Delegación: <br>Estado: Cdmx<br>Foto: <br>Herramientas Faltantes: <br>Herramientas Sobrantes: <br>Hora: <br>Hora del Reporte: <br>Mano de Obra Faltante: <br>Mano de Obra Sobrantes: <br>Medicamentos Faltantes: <br>Medicamentos Sobrantes: <br>Número Exterior  o Aproximado: <br>Número de Personas Atrapadas: <br>Número de Personas Desaparecidas: <br>Número de Personas Fallecidas: <br>Número de Personas Lesionadas: <br>Número de Personas Rescatadas: <br>Otra Referencia de Ubicación: <br>Tipo de Infraestructura: <br>Tipo de Uso: <br>Verificado: <br>Víveres Faltantes: <br>Víveres Sobrantes: <br>latitud: 19.294597<br>longitud: -99.111725",NA,NA,NA,NA,-1,0,-1,NA,NA,38,"Barrio 18        Ca̱averales","",NA,"Cdmx",NA,NA,NA,NA,NA,NA,NA,NA,NA,NA,NA,NA,NA,NA,NA,NA,NA,NA,NA,NA,NA,19.294597,-99.111725,"Cañaverales 169, Cuemanco, 14360 Ciudad de México, CDMX, Mexico","Cañaverales","169","Cuemanco",14360,"Tlalpan","Ciudad de México","Mexico",19.294597,-99.111725
"-99.111725, 19.294597",-99.111725,19.294597,"Derrumbe","unnamed (1): 38<br>Calle: Barrio 18        Ca̱averales        <br>Colonia: <br>Delegación: <br>Estado: Cdmx<br>Foto: <br>Herramientas Faltantes: <br>Herramientas Sobrantes: <br>Hora: <br>Hora del Reporte: <br>Mano de Obra Faltante: <br>Mano de Obra Sobrantes: <br>Medicamentos Faltantes: <br>Medicamentos Sobrantes: <br>Número Exterior  o Aproximado: <br>Número de Personas Atrapadas: <br>Número de Personas Desaparecidas: <br>Número de Personas Fallecidas: <br>Número de Personas Lesionadas: <br>Número de Personas Rescatadas: <br>Otra Referencia de Ubicación: <br>Tipo de Infraestructura: <br>Tipo de Uso: <br>Verificado: <br>Víveres Faltantes: <br>Víveres Sobrantes: <br>latitud: 19.294597<br>longitud: -99.111725",NA,NA,NA,NA,-1,0,-1,NA,NA,38,"Barrio 18        Ca̱averales","",NA,"Cdmx",NA,NA,NA,NA,NA,NA,NA,NA,NA,NA,NA,NA,NA,NA,NA,NA,NA,NA,NA,NA,NA,19.294597,-99.111725,"Cañaverales 169, Cuemanco, 14360 Ciudad de México, CDMX, Mexico","Cañaverales","169","Cuemanco",14360,"Tlalpan","Ciudad de México","Mexico",19.294597,-99.111725
"-99.111725, 19.294597",-99.111725,19.294597,"Derrumbe","unnamed (1): 38<br>Calle: Barrio 18        Ca̱averales        <br>Colonia: <br>Delegación: <br>Estado: Cdmx<br>Foto: <br>Herramientas Faltantes: <br>Herramientas Sobrantes: <br>Hora: <br>Hora del Reporte: <br>Mano de Obra Faltante: <br>Mano de Obra Sobrantes: <br>Medicamentos Faltantes: <br>Medicamentos Sobrantes: <br>Número Exterior  o Aproximado: <br>Número de Personas Atrapadas: <br>Número de Personas Desaparecidas: <br>Número de Personas Fallecidas: <br>Número de Personas Lesionadas: <br>Número de Personas Rescatadas: <br>Otra Referencia de Ubicación: <br>Tipo de Infraestructura: <br>Tipo de Uso: <br>Verificado: <br>Víveres Faltantes: <br>Víveres Sobrantes: <br>latitud: 19.294597<br>longitud: -99.111725",NA,NA,NA,NA,-1,0,-1,NA,NA,38,"Barrio 18        Ca̱averales","",NA,"Cdmx",NA,NA,NA,NA,NA,NA,NA,NA,NA,NA,NA,NA,NA,NA,NA,NA,NA,NA,NA,NA,NA,19.294597,-99.111725,"Cañaverales 169, Cuemanco, 14360 Ciudad de México, CDMX, Mexico","Cañaverales","169","Cuemanco",14360,"Tlalpan","Ciudad de México","Mexico",19.294597,-99.111725
"-99.133672, 19.278074",-99.133672,19.278074,"Derrumbe","unnamed (1): 42<br>Calle: Av 16 de Septiembre<br>Santa Mar�_a Tepepan<br>16020 Ciudad de M̩xico, CDMX<br>Colonia: <br>Delegación: <br>Estado: cdmx<br>Foto: <br>Herramientas Faltantes: <br>Herramientas Sobrantes: <br>Hora: <br>Hora del Reporte: <br>Mano de Obra Faltante: <br>Mano de Obra Sobrantes: <br>Medicamentos Faltantes: <br>Medicamentos Sobrantes: <br>Número Exterior  o Aproximado: <br>Número de Personas Atrapadas: <br>Número de Personas Desaparecidas: <br>Número de Personas Fallecidas: <br>Número de Personas Lesionadas: <br>Número de Personas Rescatadas: <br>Otra Referencia de Ubicación: <br>Tipo de Infraestructura: <br>Tipo de Uso: <br>Verificado: <br>Víveres Faltantes: <br>Víveres Sobrantes: <br>latitud: 19.278074<br>longitud: -99.133672",NA,NA,NA,NA,-1,0,-1,NA,NA,42,"Av 16 de Septiembre
Santa Mar�_a Tepepan
16020 Ciudad de M̩xico, CDMX","",NA,"cdmx",NA,NA,NA,NA,NA,NA,NA,NA,NA,NA,NA,NA,NA,NA,NA,NA,NA,NA,NA,NA,NA,19.278074,-99.133672,"Nicolás Bravo 20A, Santa María Tepepan, 16020 Ciudad de México, CDMX, Mexico","Nicolás Bravo","20A","Santa María Tepepan",16020,"Xochimilco","Ciudad de México","Mexico",19.278074,-99.133672
"-99.133672, 19.278074",-99.133672,19.278074,"Derrumbe","unnamed (1): 42<br>Calle: Av 16 de Septiembre<br>Santa Mar�_a Tepepan<br>16020 Ciudad de M̩xico, CDMX<br>Colonia: <br>Delegación: <br>Estado: cdmx<br>Foto: <br>Herramientas Faltantes: <br>Herramientas Sobrantes: <br>Hora: <br>Hora del Reporte: <br>Mano de Obra Faltante: <br>Mano de Obra Sobrantes: <br>Medicamentos Faltantes: <br>Medicamentos Sobrantes: <br>Número Exterior  o Aproximado: <br>Número de Personas Atrapadas: <br>Número de Personas Desaparecidas: <br>Número de Personas Fallecidas: <br>Número de Personas Lesionadas: <br>Número de Personas Rescatadas: <br>Otra Referencia de Ubicación: <br>Tipo de Infraestructura: <br>Tipo de Uso: <br>Verificado: <br>Víveres Faltantes: <br>Víveres Sobrantes: <br>latitud: 19.278074<br>longitud: -99.133672",NA,NA,NA,NA,-1,0,-1,NA,NA,42,"Av 16 de Septiembre
Santa Mar�_a Tepepan
16020 Ciudad de M̩xico, CDMX","",NA,"cdmx",NA,NA,NA,NA,NA,NA,NA,NA,NA,NA,NA,NA,NA,NA,NA,NA,NA,NA,NA,NA,NA,19.278074,-99.133672,"Nicolás Bravo 20A, Santa María Tepepan, 16020 Ciudad de México, CDMX, Mexico","Nicolás Bravo","20A","Santa María Tepepan",16020,"Xochimilco","Ciudad de México","Mexico",19.278074,-99.133672
"-99.113168, 19.281995",-99.113168,19.281995,"Derrumbe","unnamed (1): 16<br>Calle: Perif̩rico Y Circuito Cuemanco Norte<br>Colonia: <br>Delegación: <br>Estado: Cdmx<br>Foto: <br>Herramientas Faltantes: <br>Herramientas Sobrantes: <br>Hora: <br>Hora del Reporte: <br>Mano de Obra Faltante: <br>Mano de Obra Sobrantes: <br>Medicamentos Faltantes: <br>Medicamentos Sobrantes: <br>Número Exterior  o Aproximado: <br>Número de Personas Atrapadas: <br>Número de Personas Desaparecidas: <br>Número de Personas Fallecidas: <br>Número de Personas Lesionadas: <br>Número de Personas Rescatadas: <br>Otra Referencia de Ubicación: <br>Tipo de Infraestructura: <br>Tipo de Uso: <br>Verificado: <br>Víveres Faltantes: <br>Víveres Sobrantes: <br>latitud: 19.281995000000002<br>longitud: -99.113168",NA,NA,NA,NA,-1,0,-1,NA,NA,16,"Perif̩rico Y Circuito Cuemanco Norte","",NA,"Cdmx",NA,NA,NA,NA,NA,NA,NA,NA,NA,NA,NA,NA,NA,NA,NA,NA,NA,NA,NA,NA,NA,19.281995,-99.113168,"Cto. Cuemanco Norte 99, Barrio 18, 16034 Ciudad de México, CDMX, Mexico","Circuito Cuemanco Norte","99","Barrio 18",16034,"Xochimilco","Ciudad de México","Mexico",19.281995,-99.113168
"-99.105373, 19.26345",-99.105373,19.26345,"Derrumbe","unnamed (1): 39<br>Calle: Barrio del Rosario        Pedro Ram�_rez del Castillo<br>Colonia: <br>Delegación: <br>Estado: Cdmx<br>Foto: <br>Herramientas Faltantes: <br>Herramientas Sobrantes: <br>Hora: <br>Hora del Reporte: <br>Mano de Obra Faltante: <br>Mano de Obra Sobrantes: <br>Medicamentos Faltantes: <br>Medicamentos Sobrantes: <br>Número Exterior  o Aproximado: <br>Número de Personas Atrapadas: <br>Número de Personas Desaparecidas: <br>Número de Personas Fallecidas: <br>Número de Personas Lesionadas: <br>Número de Personas Rescatadas: <br>Otra Referencia de Ubicación: <br>Tipo de Infraestructura: <br>Tipo de Uso: <br>Verificado: <br>Víveres Faltantes: <br>Víveres Sobrantes: <br>latitud: 19.26345<br>longitud: -99.105373",NA,NA,NA,NA,-1,0,-1,NA,NA,39,"Barrio del Rosario        Pedro Ram�_rez del Castillo","",NA,"Cdmx",NA,NA,NA,NA,NA,NA,NA,NA,NA,NA,NA,NA,NA,NA,NA,NA,NA,NA,NA,NA,NA,19.26345,-99.105373,"Calle Pedro Ramírez del Castillo 32, El Rosario, 16070 Ciudad de México, CDMX, Mexico","Calle Pedro Ramírez del Castillo","32","El Rosario",16070,"Xochimilco","Ciudad de México","Mexico",19.26345,-99.105373
"-99.105373, 19.26345",-99.105373,19.26345,"Derrumbe","unnamed (1): 39<br>Calle: Barrio del Rosario        Pedro Ram�_rez del Castillo<br>Colonia: <br>Delegación: <br>Estado: Cdmx<br>Foto: <br>Herramientas Faltantes: <br>Herramientas Sobrantes: <br>Hora: <br>Hora del Reporte: <br>Mano de Obra Faltante: <br>Mano de Obra Sobrantes: <br>Medicamentos Faltantes: <br>Medicamentos Sobrantes: <br>Número Exterior  o Aproximado: <br>Número de Personas Atrapadas: <br>Número de Personas Desaparecidas: <br>Número de Personas Fallecidas: <br>Número de Personas Lesionadas: <br>Número de Personas Rescatadas: <br>Otra Referencia de Ubicación: <br>Tipo de Infraestructura: <br>Tipo de Uso: <br>Verificado: <br>Víveres Faltantes: <br>Víveres Sobrantes: <br>latitud: 19.26345<br>longitud: -99.105373",NA,NA,NA,NA,-1,0,-1,NA,NA,39,"Barrio del Rosario        Pedro Ram�_rez del Castillo","",NA,"Cdmx",NA,NA,NA,NA,NA,NA,NA,NA,NA,NA,NA,NA,NA,NA,NA,NA,NA,NA,NA,NA,NA,19.26345,-99.105373,"Calle Pedro Ramírez del Castillo 32, El Rosario, 16070 Ciudad de México, CDMX, Mexico","Calle Pedro Ramírez del Castillo","32","El Rosario",16070,"Xochimilco","Ciudad de México","Mexico",19.26345,-99.105373
"-99.105373, 19.26345",-99.105373,19.26345,"Derrumbe","unnamed (1): 39<br>Calle: Barrio del Rosario        Pedro Ram�_rez del Castillo<br>Colonia: <br>Delegación: <br>Estado: Cdmx<br>Foto: <br>Herramientas Faltantes: <br>Herramientas Sobrantes: <br>Hora: <br>Hora del Reporte: <br>Mano de Obra Faltante: <br>Mano de Obra Sobrantes: <br>Medicamentos Faltantes: <br>Medicamentos Sobrantes: <br>Número Exterior  o Aproximado: <br>Número de Personas Atrapadas: <br>Número de Personas Desaparecidas: <br>Número de Personas Fallecidas: <br>Número de Personas Lesionadas: <br>Número de Personas Rescatadas: <br>Otra Referencia de Ubicación: <br>Tipo de Infraestructura: <br>Tipo de Uso: <br>Verificado: <br>Víveres Faltantes: <br>Víveres Sobrantes: <br>latitud: 19.26345<br>longitud: -99.105373",NA,NA,NA,NA,-1,0,-1,NA,NA,39,"Barrio del Rosario        Pedro Ram�_rez del Castillo","",NA,"Cdmx",NA,NA,NA,NA,NA,NA,NA,NA,NA,NA,NA,NA,NA,NA,NA,NA,NA,NA,NA,NA,NA,19.26345,-99.105373,"Calle Pedro Ramírez del Castillo 32, El Rosario, 16070 Ciudad de México, CDMX, Mexico","Calle Pedro Ramírez del Castillo","32","El Rosario",16070,"Xochimilco","Ciudad de México","Mexico",19.26345,-99.105373
"-99.105373, 19.26345",-99.105373,19.26345,"Derrumbe","unnamed (1): 39<br>Calle: Barrio del Rosario        Pedro Ram�_rez del Castillo<br>Colonia: <br>Delegación: <br>Estado: Cdmx<br>Foto: <br>Herramientas Faltantes: <br>Herramientas Sobrantes: <br>Hora: <br>Hora del Reporte: <br>Mano de Obra Faltante: <br>Mano de Obra Sobrantes: <br>Medicamentos Faltantes: <br>Medicamentos Sobrantes: <br>Número Exterior  o Aproximado: <br>Número de Personas Atrapadas: <br>Número de Personas Desaparecidas: <br>Número de Personas Fallecidas: <br>Número de Personas Lesionadas: <br>Número de Personas Rescatadas: <br>Otra Referencia de Ubicación: <br>Tipo de Infraestructura: <br>Tipo de Uso: <br>Verificado: <br>Víveres Faltantes: <br>Víveres Sobrantes: <br>latitud: 19.26345<br>longitud: -99.105373",NA,NA,NA,NA,-1,0,-1,NA,NA,39,"Barrio del Rosario        Pedro Ram�_rez del Castillo","",NA,"Cdmx",NA,NA,NA,NA,NA,NA,NA,NA,NA,NA,NA,NA,NA,NA,NA,NA,NA,NA,NA,NA,NA,19.26345,-99.105373,"Calle Pedro Ramírez del Castillo 32, El Rosario, 16070 Ciudad de México, CDMX, Mexico","Calle Pedro Ramírez del Castillo","32","El Rosario",16070,"Xochimilco","Ciudad de México","Mexico",19.26345,-99.105373
"-99.073859, 19.244729",-99.073859,19.244729,"Derrumbe","unnamed (1): 41<br>Calle: Del Calvario 35<br>Santa Cruz Acalpixca<br>16500 Ciudad de M̩xico, CDMX<br>Colonia: <br>Delegación: <br>Estado: Cdmx<br>Foto: <br>Herramientas Faltantes: <br>Herramientas Sobrantes: <br>Hora: <br>Hora del Reporte: <br>Mano de Obra Faltante: <br>Mano de Obra Sobrantes: <br>Medicamentos Faltantes: <br>Medicamentos Sobrantes: <br>Número Exterior  o Aproximado: <br>Número de Personas Atrapadas: <br>Número de Personas Desaparecidas: <br>Número de Personas Fallecidas: <br>Número de Personas Lesionadas: <br>Número de Personas Rescatadas: <br>Otra Referencia de Ubicación: <br>Tipo de Infraestructura: <br>Tipo de Uso: <br>Verificado: <br>Víveres Faltantes: <br>Víveres Sobrantes: <br>latitud: 19.244729<br>longitud: -99.073859",NA,NA,NA,NA,-1,0,-1,NA,NA,41,"Del Calvario 35
Santa Cruz Acalpixca
16500 Ciudad de M̩xico, CDMX","",NA,"Cdmx",NA,NA,NA,NA,NA,NA,NA,NA,NA,NA,NA,NA,NA,NA,NA,NA,NA,NA,NA,NA,NA,19.244729,-99.073859,"Del Calvario 1-3, Santa Cruz Acalpixca, 16500 Ciudad de México, CDMX, Mexico","Del Calvario","1-3","Santa Cruz Acalpixca",16500,"Xochimilco","Ciudad de México","Mexico",19.244729,-99.073859
"-99.056425, 19.255266",-99.056425,19.255266,"Derrumbe","unnamed (1): 40<br>Calle: San Gregorio Atlapulco        Av. M̩xico<br>Colonia: <br>Delegación: <br>Estado: Cdmx<br>Foto: <br>Herramientas Faltantes: <br>Herramientas Sobrantes: <br>Hora: <br>Hora del Reporte: <br>Mano de Obra Faltante: <br>Mano de Obra Sobrantes: <br>Medicamentos Faltantes: <br>Medicamentos Sobrantes: <br>Número Exterior  o Aproximado: <br>Número de Personas Atrapadas: <br>Número de Personas Desaparecidas: <br>Número de Personas Fallecidas: <br>Número de Personas Lesionadas: <br>Número de Personas Rescatadas: <br>Otra Referencia de Ubicación: <br>Tipo de Infraestructura: <br>Tipo de Uso: <br>Verificado: <br>Víveres Faltantes: <br>Víveres Sobrantes: <br>latitud: 19.255266<br>longitud: -99.056425",NA,NA,NA,NA,-1,0,-1,NA,NA,40,"San Gregorio Atlapulco        Av. M̩xico","",NA,"Cdmx",NA,NA,NA,NA,NA,NA,NA,NA,NA,NA,NA,NA,NA,NA,NA,NA,NA,NA,NA,NA,NA,19.255266,-99.056425,"Av Chapultepec 6, San Gregorio Atlapulco, 16600 Ciudad de México, CDMX, Mexico","Avenida Chapultepec","6","San Gregorio Atlapulco",16600,"Xochimilco","Ciudad de México","Mexico",19.255266,-99.056425
